都市,月,日,季節,午前天気,午後天気,気温,風速,降水量
鹿児島,1,1,冬,快晴,快晴,7.8,2.6,0
鹿児島,1,2,冬,曇,雨,11.7,2.3,9.5
鹿児島,1,3,冬,曇,晴,15.3,2,0.5
鹿児島,1,4,冬,薄曇,晴,14,3.2,0
鹿児島,1,5,冬,曇,曇,13.8,3.6,2
鹿児島,1,6,冬,雨,雨,11.4,3.6,14.5
鹿児島,1,7,冬,晴,曇,10,3.6,0
鹿児島,1,8,冬,雨,雨,8.9,2.7,0.5
鹿児島,1,9,冬,曇,晴,8.2,3.1,0
鹿児島,1,10,冬,曇,曇,8.9,3,0
鹿児島,1,11,冬,雨,雨,8.9,2.5,6
鹿児島,1,12,冬,晴,曇,8.5,3.2,2
鹿児島,1,13,冬,曇,曇,7.2,2.8,1
鹿児島,1,14,冬,曇,曇,7.4,2.7,0.5
鹿児島,1,15,冬,曇,曇,7.2,2.6,0
鹿児島,1,16,冬,快晴,快晴,8.8,3,0
鹿児島,1,17,冬,曇,雨,11.6,3.6,14
鹿児島,1,18,冬,雨,晴,10.5,6.5,2
鹿児島,1,19,冬,みぞれ,晴,5.9,7.2,3
鹿児島,1,20,冬,晴,晴,5,4.7,0
鹿児島,1,21,冬,曇,雨,5.1,3,0
鹿児島,1,22,冬,晴,曇,7.7,3.2,0
鹿児島,1,23,冬,曇,曇,7.3,4.4,0
鹿児島,1,24,冬,雪,雪,-0.4,4.9,16
鹿児島,1,25,冬,曇,曇,0.7,2.5,0
鹿児島,1,26,冬,晴,雨,5.1,2.2,0.5
鹿児島,1,27,冬,曇,曇,8.5,2.2,0
鹿児島,1,28,冬,曇,曇,12.2,2.1,1
鹿児島,1,29,冬,雨,雨,15.6,2.3,85.5
鹿児島,1,30,冬,曇,薄曇,14.2,3.1,0.5
鹿児島,1,31,冬,快晴,晴,11.3,3.4,0
鹿児島,2,1,冬,雨,雨,8.5,2.9,0
鹿児島,2,2,冬,曇,薄曇,7.4,4.1,0
鹿児島,2,3,冬,晴,晴,7,3.8,0
鹿児島,2,4,冬,晴,晴,7.7,3.8,0
鹿児島,2,5,冬,薄曇,薄曇,8.9,3,0
鹿児島,2,6,冬,曇,晴,7,4.3,0
鹿児島,2,7,冬,晴,晴,6.9,3.3,0
鹿児島,2,8,冬,快晴,晴,7.2,3.4,0
鹿児島,2,9,冬,曇,快晴,10.8,4.3,0
鹿児島,2,10,冬,快晴,晴,9.9,3.2,0
鹿児島,2,11,冬,快晴,薄曇,12,3.1,0
鹿児島,2,12,冬,雨,雨,16.7,4.4,1
鹿児島,2,13,冬,雨,雨,19,4.9,20
鹿児島,2,14,冬,雨,曇,12.8,5.1,0.5
鹿児島,2,15,冬,雨,雨,5.9,6,0
鹿児島,2,16,冬,雨,曇,4.6,2.1,3.5
鹿児島,2,17,冬,快晴,晴,7.8,3.3,1.5
鹿児島,2,18,冬,薄曇,薄曇,8.3,2.4,0
鹿児島,2,19,冬,薄曇,曇,11.6,3,0.5
鹿児島,2,20,冬,雨,曇,12.7,4.9,55.5
鹿児島,2,21,冬,快晴,晴,9.4,4.5,0
鹿児島,2,22,冬,曇,雨,9.4,2.8,10.5
鹿児島,2,23,冬,雨,雨,11.2,4.9,22
鹿児島,2,24,冬,晴,晴,8.7,4.4,0
鹿児島,2,25,冬,曇,晴,7.2,3.6,0
鹿児島,2,26,冬,晴,薄曇,7.8,3.3,0
鹿児島,2,27,冬,曇,曇,10.2,2.4,0
鹿児島,2,28,冬,晴,晴,12.2,2.4,0
鹿児島,2,29,冬,晴,雨,9.1,5.9,0
鹿児島,3,1,春,曇,快晴,5.4,4.6,0
鹿児島,3,2,春,快晴,晴,7.8,2.8,0
鹿児島,3,3,春,快晴,快晴,10.8,2.7,0
鹿児島,3,4,春,晴,晴,14.9,2.8,0
鹿児島,3,5,春,晴,晴,17.4,3.5,0
鹿児島,3,6,春,雨,曇,18.8,2.2,0
鹿児島,3,7,春,快晴,晴,19,2.7,0
鹿児島,3,8,春,快晴,快晴,17.1,2.5,0
鹿児島,3,9,春,雨,晴,15.9,4.5,66.5
鹿児島,3,10,春,曇,曇,11.7,3.9,0
鹿児島,3,11,春,晴,晴,9.5,4.2,0
鹿児島,3,12,春,快晴,快晴,9,3.8,0
鹿児島,3,13,春,曇,曇,10.3,3,4
鹿児島,3,14,春,雨,快晴,11.5,5.6,22
鹿児島,3,15,春,快晴,快晴,10.6,3.2,0
鹿児島,3,16,春,薄曇,曇,12.5,2.8,1.5
鹿児島,3,17,春,快晴,晴,15.6,3.4,0
鹿児島,3,18,春,雨,雨,16.7,3,87.5
鹿児島,3,19,春,曇,曇,17.6,3.4,0.5
鹿児島,3,20,春,快晴,晴,15.4,3.7,0
鹿児島,3,21,春,晴,晴,13.8,3,0
鹿児島,3,22,春,快晴,薄曇,14.5,2.8,0
鹿児島,3,23,春,雨,雨,13.5,2.8,4.5
鹿児島,3,24,春,晴,晴,14,4.5,0
鹿児島,3,25,春,曇,曇,11,3.3,0
鹿児島,3,26,春,快晴,晴,12.3,3.5,0
鹿児島,3,27,春,曇,晴,11.6,3.9,0
鹿児島,3,28,春,快晴,晴,12.1,3.5,0
鹿児島,3,29,春,晴,薄曇,13.7,2.6,0
鹿児島,3,30,春,曇,雨,14.5,2,3
鹿児島,3,31,春,雨,雨,14.5,2.7,32.5
鹿児島,4,1,春,曇,曇,17.6,4,0.5
鹿児島,4,2,春,薄曇,曇,18.9,2.8,0
鹿児島,4,3,春,曇,曇,19.7,2.7,5
鹿児島,4,4,春,雨,曇,18.8,3.5,20.5
鹿児島,4,5,春,薄曇,曇,17.1,3.2,0
鹿児島,4,6,春,曇,曇,17.3,2,1
鹿児島,4,7,春,雨,雨,21.4,4.9,14
鹿児島,4,8,春,雨,雨,17.5,2.2,2.5
鹿児島,4,9,春,曇,曇,17.9,1.7,0
鹿児島,4,10,春,雨,雨,17.1,2.2,7.5
鹿児島,4,11,春,薄曇,晴,18.1,2.6,0
鹿児島,4,12,春,曇,曇,17.6,3.6,0
鹿児島,4,13,春,曇,曇,18.2,2.1,1.5
鹿児島,4,14,春,快晴,薄曇,21.4,4.2,0
鹿児島,4,15,春,晴,晴,19.8,3,0
鹿児島,4,16,春,晴,曇,19.1,4.8,11
鹿児島,4,17,春,晴,快晴,18.9,5.8,45
鹿児島,4,18,春,雨,雨,14.4,2.9,0
鹿児島,4,19,春,快晴,快晴,16.6,3.8,0
鹿児島,4,20,春,薄曇,快晴,18.4,4,0
鹿児島,4,21,春,曇,雨,20.9,5,74.5
鹿児島,4,22,春,薄曇,快晴,20.1,3.2,0
鹿児島,4,23,春,曇,雨,15.5,2.8,14
鹿児島,4,24,春,雨,雨,15.4,2.9,48
鹿児島,4,25,春,曇,雨,17.7,2.6,26
鹿児島,4,26,春,曇,曇,20.7,2.5,5
鹿児島,4,27,春,雨,雨,19.6,2.1,25.5
鹿児島,4,28,春,雨,晴,18.7,4.8,1
鹿児島,4,29,春,快晴,快晴,18.2,4.2,0
鹿児島,4,30,春,快晴,晴,18.4,2.9,0
鹿児島,5,1,春,快晴,晴,19.8,2.5,0
鹿児島,5,2,春,薄曇,薄曇,21,3.8,0
鹿児島,5,3,春,曇,雨,20.2,6.1,35.5
鹿児島,5,4,春,快晴,晴,19.4,3.8,0
鹿児島,5,5,春,晴,薄曇,20.7,2.3,0
鹿児島,5,6,春,雨,曇,19.2,2.7,33.5
鹿児島,5,7,春,曇,薄曇,21.7,3.1,1
鹿児島,5,8,春,雨,雨,18.5,2,29
鹿児島,5,9,春,曇,雨,20.9,1.4,67.5
鹿児島,5,10,春,雨,雨,22.1,3.4,88.5
鹿児島,5,11,春,曇,晴,20.1,4.6,0
鹿児島,5,12,春,快晴,晴,20.6,2.7,0
鹿児島,5,13,春,晴,晴,21.4,2.8,0
鹿児島,5,14,春,晴,曇,21.9,2.5,0
鹿児島,5,15,春,曇,曇,23.8,2,0
鹿児島,5,16,春,雨,曇,19.8,4.9,28.5
鹿児島,5,17,春,薄曇,晴,19,2.9,0
鹿児島,5,18,春,薄曇,晴,21.1,2.7,0
鹿児島,5,19,春,薄曇,薄曇,23.3,4.5,0
鹿児島,5,20,春,快晴,薄曇,23.8,4.9,0
鹿児島,5,21,春,薄曇,曇,23.7,3.3,0
鹿児島,5,22,春,曇,曇,23.8,3,0
鹿児島,5,23,春,曇,晴,24.1,4.3,0
鹿児島,5,24,春,薄曇,曇,23.4,2.6,3
鹿児島,5,25,春,雨,雨,24.1,1.4,8
鹿児島,5,26,春,曇,曇,24.8,2.5,0
鹿児島,5,27,春,曇,薄曇,23.1,2.7,5
鹿児島,5,28,春,雨,雨,20.6,1.5,16
鹿児島,5,29,春,雨,雨,22.1,1.4,27
鹿児島,5,30,春,曇,晴,23.7,4,0
鹿児島,5,31,春,薄曇,晴,23.6,2.6,0
鹿児島,6,1,夏,雨,曇,21.1,2.2,1.5
鹿児島,6,2,夏,快晴,快晴,22,2.7,0
鹿児島,6,3,夏,曇,薄曇,22.6,3.2,0
鹿児島,6,4,夏,雨,曇,21.3,2.4,10.5
鹿児島,6,5,夏,雨,雨,21.7,2,2
鹿児島,6,6,夏,曇,曇,23.2,1.6,1
鹿児島,6,7,夏,曇,晴,24.6,2.2,0
鹿児島,6,8,夏,薄曇,薄曇,24.5,2.1,0
鹿児島,6,9,夏,薄曇,曇,25.7,2.4,0
鹿児島,6,10,夏,薄曇,薄曇,26.4,2,0
鹿児島,6,11,夏,曇,曇,26.3,2.4,0
鹿児島,6,12,夏,雨,曇,24.3,1.7,37.5
鹿児島,6,13,夏,雨,曇,23.8,1.6,56
鹿児島,6,14,夏,晴,晴,25.8,2.2,0
鹿児島,6,15,夏,薄曇,薄曇,25.9,2.3,2
鹿児島,6,16,夏,雨,雨,24.1,2.6,91
鹿児島,6,17,夏,雨,曇,23.7,2.2,0.5
鹿児島,6,18,夏,曇,曇,25.2,2.2,0
鹿児島,6,19,夏,雷,曇,25.6,2.8,172.5
鹿児島,6,20,夏,曇,曇,27.2,4,17
鹿児島,6,21,夏,雨,雨,27,4.3,40
鹿児島,6,22,夏,曇,曇,28.8,3.6,1.5
鹿児島,6,23,夏,曇,晴,27.8,4,1.5
鹿児島,6,24,夏,曇,曇,29.1,4.5,1
鹿児島,6,25,夏,曇,曇,23,3.4,2.5
鹿児島,6,26,夏,晴,晴,23.6,3.2,0
鹿児島,6,27,夏,雨,雨,20.9,1.8,101.5
鹿児島,6,28,夏,雨,雨,26.3,3.2,60
鹿児島,6,29,夏,雨,雨,24.7,2.5,104.5
鹿児島,6,30,夏,雨,曇,24.1,1.6,70
鹿児島,7,1,夏,曇,曇,26.4,2.4,0.5
鹿児島,7,2,夏,曇,曇,28.3,3.7,3.5
鹿児島,7,3,夏,曇,晴,29.8,3.4,3
鹿児島,7,4,夏,曇,晴,29.2,2.7,0
鹿児島,7,5,夏,晴,晴,29.4,2.7,0
鹿児島,7,6,夏,快晴,快晴,29.4,2.5,0
鹿児島,7,7,夏,薄曇,曇,27.7,2.9,4
鹿児島,7,8,夏,雨,雨,25.1,3.2,162.5
鹿児島,7,9,夏,雷,雨,26.1,2,85
鹿児島,7,10,夏,雷,雨,26.3,2.8,69.5
鹿児島,7,11,夏,曇,雨,27.4,2.3,42
鹿児島,7,12,夏,曇,曇,29.4,4.3,18
鹿児島,7,13,夏,曇,曇,29.1,5.1,16.5
鹿児島,7,14,夏,雨,曇,28,5.3,36
鹿児島,7,15,夏,快晴,晴,27.8,2.8,0
鹿児島,7,16,夏,雨,曇,28.6,2.7,14
鹿児島,7,17,夏,晴,曇,28.8,3.3,15.5
鹿児島,7,18,夏,快晴,晴,28.9,2.4,0
鹿児島,7,19,夏,晴,晴,29.5,2.4,0
鹿児島,7,20,夏,曇,雷,27.9,2.3,23.5
鹿児島,7,21,夏,薄曇,薄曇,28.8,3.2,0
鹿児島,7,22,夏,薄曇,晴,29.5,3.2,0
鹿児島,7,23,夏,晴,薄曇,29.4,2.9,0
鹿児島,7,24,夏,曇,曇,28.6,2.6,0
鹿児島,7,25,夏,晴,晴,29.1,3.1,0
鹿児島,7,26,夏,薄曇,薄曇,28.8,3,0
鹿児島,7,27,夏,晴,晴,29.1,2.6,0
鹿児島,7,28,夏,晴,晴,29.8,2.6,0
鹿児島,7,29,夏,薄曇,晴,29.8,3.1,0
鹿児島,7,30,夏,晴,晴,29.7,3.3,0
鹿児島,7,31,夏,晴,晴,29.8,3.2,0
鹿児島,8,1,夏,晴,晴,30.1,2.5,0
鹿児島,8,2,夏,快晴,薄曇,30,2.6,0
鹿児島,8,3,夏,薄曇,曇,28.8,2.4,4
鹿児島,8,4,夏,薄曇,薄曇,29,2.5,0
鹿児島,8,5,夏,晴,薄曇,29.5,2.8,0
鹿児島,8,6,夏,曇,薄曇,29.7,3.1,0
鹿児島,8,7,夏,曇,薄曇,29.7,3.4,0.5
鹿児島,8,8,夏,曇,曇,29.5,2.7,0
鹿児島,8,9,夏,曇,晴,29.9,2.2,0
鹿児島,8,10,夏,晴,晴,31,2.2,0
鹿児島,8,11,夏,快晴,晴,30.8,2.3,0
鹿児島,8,12,夏,晴,晴,30.9,2.3,0.5
鹿児島,8,13,夏,快晴,晴,30.7,2.5,0
鹿児島,8,14,夏,晴,雨,30.4,1.9,1.5
鹿児島,8,15,夏,晴,快晴,31,3,0
鹿児島,8,16,夏,快晴,晴,31,3.4,0
鹿児島,8,17,夏,晴,晴,30.7,2.9,0
鹿児島,8,18,夏,快晴,晴,30.5,2.4,1
鹿児島,8,19,夏,晴,薄曇,30.7,2.5,0
鹿児島,8,20,夏,快晴,晴,30.5,2.4,1.5
鹿児島,8,21,夏,快晴,薄曇,31.4,2.8,0
鹿児島,8,22,夏,晴,晴,31.4,2.9,0
鹿児島,8,23,夏,快晴,晴,30.6,2.5,43
鹿児島,8,24,夏,快晴,曇,29.9,3,1
鹿児島,8,25,夏,晴,晴,30.4,3.4,0
鹿児島,8,26,夏,晴,晴,30.4,3.2,0
鹿児島,8,27,夏,快晴,晴,29.6,2.8,17.5
鹿児島,8,28,夏,曇,曇,27.7,2.9,2
鹿児島,8,29,夏,晴,晴,25.3,5.6,0
鹿児島,8,30,夏,晴,曇,24.7,4.3,5
鹿児島,8,31,夏,晴,晴,27.3,4.7,0
鹿児島,9,1,秋,薄曇,曇,26.5,2.2,0
鹿児島,9,2,秋,曇,曇,27.2,3.1,3
鹿児島,9,3,秋,雨,雨,26.2,4.5,78.5
鹿児島,9,4,秋,曇,曇,26.8,5,13
鹿児島,9,5,秋,晴,晴,28.2,2.3,0
鹿児島,9,6,秋,晴,晴,28.5,2.5,0
鹿児島,9,7,秋,晴,晴,28.9,3.3,0.5
鹿児島,9,8,秋,快晴,晴,27.9,4.1,0
鹿児島,9,9,秋,快晴,快晴,26.8,2.7,0
鹿児島,9,10,秋,快晴,曇,26.9,2.4,0
鹿児島,9,11,秋,晴,曇,27.4,3.4,2
鹿児島,9,12,秋,雨,雷,26.6,4,36.5
鹿児島,9,13,秋,曇,曇,27.6,1.6,0.5
鹿児島,9,14,秋,曇,曇,26.6,1.1,17
鹿児島,9,15,秋,曇,曇,27.9,2.1,1.5
鹿児島,9,16,秋,薄曇,薄曇,27.8,2.3,0
鹿児島,9,17,秋,晴,曇,27.7,2.8,41.5
鹿児島,9,18,秋,曇,雨,27.8,2.2,16.5
鹿児島,9,19,秋,曇,雨,27.3,4.2,27
鹿児島,9,20,秋,曇,薄曇,24.7,7.6,102
鹿児島,9,21,秋,曇,曇,24.8,2.6,0
鹿児島,9,22,秋,曇,晴,25.3,2.3,0
鹿児島,9,23,秋,晴,晴,25.8,2.4,0
鹿児島,9,24,秋,晴,晴,26.8,2.6,0
鹿児島,9,25,秋,晴,薄曇,27.8,2.6,0.5
鹿児島,9,26,秋,薄曇,薄曇,28.2,3.5,0
鹿児島,9,27,秋,薄曇,薄曇,28.7,3.1,0.5
鹿児島,9,28,秋,薄曇,曇,28.6,2.5,0
鹿児島,9,29,秋,晴,晴,28.6,2.3,0
鹿児島,9,30,秋,晴,晴,28.4,2.2,0
鹿児島,10,1,秋,晴,晴,28.4,2,0
鹿児島,10,2,秋,快晴,晴,28.6,3.1,0
鹿児島,10,3,秋,曇,雨,26.2,2.3,17.5
鹿児島,10,4,秋,曇,薄曇,27.8,4.3,11
鹿児島,10,5,秋,雨,薄曇,27.8,5.2,27
鹿児島,10,6,秋,晴,晴,26.8,2.4,0
鹿児島,10,7,秋,快晴,晴,26.8,3.3,0
鹿児島,10,8,秋,曇,曇,27.2,3,2
鹿児島,10,9,秋,雨,曇,23.2,3.1,27
鹿児島,10,10,秋,快晴,晴,23.2,2.9,0
鹿児島,10,11,秋,晴,曇,22.6,2.4,0
鹿児島,10,12,秋,曇,曇,23.7,3.1,0
鹿児島,10,13,秋,曇,曇,22.8,3.4,0
鹿児島,10,14,秋,曇,曇,21.5,4.3,0
鹿児島,10,15,秋,雨,曇,21.1,4,12
鹿児島,10,16,秋,曇,曇,24,3.1,0
鹿児島,10,17,秋,晴,晴,25.1,2.2,2
鹿児島,10,18,秋,晴,薄曇,25.1,2.3,0
鹿児島,10,19,秋,曇,曇,24.3,2.1,0
鹿児島,10,20,秋,曇,雨,23.4,1.9,0
鹿児島,10,21,秋,雨,雨,21.6,3,2
鹿児島,10,22,秋,雨,雨,21,2.6,102.5
鹿児島,10,23,秋,雨,雨,21,3.4,24.5
鹿児島,10,24,秋,晴,快晴,21.7,2.9,0
鹿児島,10,25,秋,晴,晴,22.5,1.9,0
鹿児島,10,26,秋,晴,晴,23.6,2.5,0
鹿児島,10,27,秋,雨,曇,22,2.2,3.5
鹿児島,10,28,秋,曇,曇,23.6,3.4,7.5
鹿児島,10,29,秋,快晴,快晴,21.6,4.1,0
鹿児島,10,30,秋,晴,晴,19.6,3.3,0
鹿児島,10,31,秋,曇,曇,19.8,2.6,10
鹿児島,11,1,秋,晴,晴,16.8,4.6,0
鹿児島,11,2,秋,晴,快晴,15.8,3.6,0
鹿児島,11,3,秋,快晴,快晴,14.8,4.2,0
鹿児島,11,4,秋,快晴,快晴,14.6,2.7,0
鹿児島,11,5,秋,快晴,快晴,16.6,3.3,0
鹿児島,11,6,秋,快晴,快晴,18.5,2.6,0
鹿児島,11,7,秋,快晴,快晴,17.7,2.9,0
鹿児島,11,8,秋,曇,曇,18.7,3.2,0
鹿児島,11,9,秋,快晴,晴,17.4,4,0
鹿児島,11,10,秋,曇,雨,15.5,3.7,16.5
鹿児島,11,11,秋,晴,晴,16.3,3.8,0
鹿児島,11,12,秋,快晴,薄曇,16.6,2.6,0
鹿児島,11,13,秋,晴,晴,19.4,2.5,0
鹿児島,11,14,秋,雨,雨,20.7,2.5,35
鹿児島,11,15,秋,曇,晴,20.6,3.1,0
鹿児島,11,16,秋,快晴,快晴,17.3,2.8,0
鹿児島,11,17,秋,晴,曇,18.5,2.3,0.5
鹿児島,11,18,秋,曇,雨,18.8,2.9,11.5
鹿児島,11,19,秋,曇,曇,21.4,2.6,0
鹿児島,11,20,秋,曇,曇,19.7,2.2,0
鹿児島,11,21,秋,曇,曇,19.8,2.6,24
鹿児島,11,22,秋,快晴,快晴,19.4,3.2,0
鹿児島,11,23,秋,薄曇,曇,15.7,3,0
鹿児島,11,24,秋,曇,晴,11.4,4,4.5
鹿児島,11,25,秋,晴,快晴,10.2,3.8,0
鹿児島,11,26,秋,晴,晴,14.4,2.7,0.5
鹿児島,11,27,秋,雨,雨,16.6,2.7,29.5
鹿児島,11,28,秋,薄曇,晴,12.3,3.7,0
鹿児島,11,29,秋,快晴,晴,11.5,3,0
鹿児島,11,30,秋,晴,曇,15.4,2.2,2
鹿児島,12,1,冬,晴,曇,15.5,3.2,0.5
鹿児島,12,2,冬,薄曇,晴,12.9,2.8,0
鹿児島,12,3,冬,快晴,快晴,14,2.7,0
鹿児島,12,4,冬,曇,雨,16.7,2.1,4
鹿児島,12,5,冬,晴,曇,15.3,2.6,0
鹿児島,12,6,冬,薄曇,快晴,13.4,4.3,0
鹿児島,12,7,冬,快晴,快晴,10.7,3.7,0
鹿児島,12,8,冬,曇,薄曇,11.7,2.6,0
鹿児島,12,9,冬,快晴,快晴,13.3,3.7,0
鹿児島,12,10,冬,快晴,晴,11.4,3.5,0
鹿児島,12,11,冬,快晴,快晴,11.3,3.3,0
鹿児島,12,12,冬,薄曇,薄曇,14.1,2.4,0
鹿児島,12,13,冬,曇,雨,15.8,3.2,46.5
鹿児島,12,14,冬,晴,晴,12.4,4.2,0
鹿児島,12,15,冬,晴,雨,9.7,4.6,0
鹿児島,12,16,冬,曇,晴,6.9,4.5,0
鹿児島,12,17,冬,快晴,快晴,8.2,3.4,0
鹿児島,12,18,冬,快晴,薄曇,10.3,3,0
鹿児島,12,19,冬,曇,晴,14.1,2.9,0
鹿児島,12,20,冬,曇,晴,16.4,2,0
鹿児島,12,21,冬,曇,晴,18.9,3.3,0
鹿児島,12,22,冬,雨,雨,17.6,4.9,32.5
鹿児島,12,23,冬,雨,雨,12.3,5.3,0
鹿児島,12,24,冬,晴,快晴,10.1,2.7,0
鹿児島,12,25,冬,快晴,快晴,13.4,2.7,0
鹿児島,12,26,冬,曇,曇,17.4,2.2,1
鹿児島,12,27,冬,雨,雨,12.8,5.5,2
鹿児島,12,28,冬,快晴,快晴,9.1,2.8,0
鹿児島,12,29,冬,晴,晴,8.8,4.2,0
鹿児島,12,30,冬,快晴,快晴,7.3,2.8,0
鹿児島,12,31,冬,快晴,快晴,8.7,3.5,0
高松,1,1,冬,快晴,晴,7.1,2.2,0
高松,1,2,冬,薄曇,薄曇,9.5,2.1,0
高松,1,3,冬,晴,晴,10.4,1.1,0
高松,1,4,冬,曇,晴,11.7,2.8,0
高松,1,5,冬,曇,曇,9.4,1.9,0
高松,1,6,冬,曇,曇,9.4,2.1,0
高松,1,7,冬,晴,晴,9.2,3.3,0
高松,1,8,冬,曇,曇,7.3,3,0.5
高松,1,9,冬,快晴,晴,7.4,3,0
高松,1,10,冬,晴,晴,7.7,3,0
高松,1,11,冬,曇,曇,8.1,2.5,0
高松,1,12,冬,薄曇,曇,7.6,2,0
高松,1,13,冬,晴,晴,5.9,3,0.5
高松,1,14,冬,晴,雨,5.4,3.1,0
高松,1,15,冬,晴,晴,4.6,2.5,0
高松,1,16,冬,快晴,快晴,4.7,1.8,0
高松,1,17,冬,曇,曇,5.9,2.4,0.5
高松,1,18,冬,雨,雨,7.9,6.5,2
高松,1,19,冬,曇,晴,2.9,7.4,0
高松,1,20,冬,晴,晴,4.5,5.9,0
高松,1,21,冬,晴,曇,4.8,1.6,0
高松,1,22,冬,曇,曇,5.9,2.5,0
高松,1,23,冬,薄曇,雨,4,2.8,0
高松,1,24,冬,雪,曇,-1.2,4.8,0
高松,1,25,冬,晴,晴,2.1,4.7,0
高松,1,26,冬,曇,曇,4.1,2.5,1
高松,1,27,冬,晴,曇,7.8,3.6,0
高松,1,28,冬,晴,雨,6.5,1.2,2
高松,1,29,冬,雨,雨,8.5,1.7,31
高松,1,30,冬,曇,曇,8.1,1.6,9.5
高松,1,31,冬,快晴,晴,7.1,1.9,0
高松,2,1,冬,曇,曇,7.6,3.2,0
高松,2,2,冬,雨,晴,6.6,2.6,0
高松,2,3,冬,雨,晴,5.3,1.3,0
高松,2,4,冬,晴,薄曇,6.8,2.8,0
高松,2,5,冬,薄曇,薄曇,6.8,2.2,0
高松,2,6,冬,曇,晴,6,3.5,0
高松,2,7,冬,晴,晴,4.2,2.2,0
高松,2,8,冬,快晴,晴,4.7,2.3,0
高松,2,9,冬,晴,晴,8,5,0
高松,2,10,冬,快晴,晴,5.8,2.2,0
高松,2,11,冬,快晴,薄曇,5.8,1.5,0
高松,2,12,冬,薄曇,曇,8.4,1.3,0
高松,2,13,冬,曇,雨,12.7,1.1,17.5
高松,2,14,冬,晴,曇,13.5,4.8,8.5
高松,2,15,冬,晴,雨,5.7,5.8,0.5
高松,2,16,冬,晴,晴,4.4,4.5,0
高松,2,17,冬,晴,晴,6.4,4.3,0
高松,2,18,冬,晴,晴,4.5,1.7,0
高松,2,19,冬,快晴,曇,8.6,1.9,0
高松,2,20,冬,雨,雨,8.6,2.9,15.5
高松,2,21,冬,晴,晴,7.6,4.2,0
高松,2,22,冬,薄曇,曇,5.5,1.8,0
高松,2,23,冬,曇,雨,7.7,2.7,0
高松,2,24,冬,曇,雨,5.8,2.6,0
高松,2,25,冬,晴,晴,5,3,0
高松,2,26,冬,晴,晴,5.2,3.1,0
高松,2,27,冬,晴,曇,7,1.7,0
高松,2,28,冬,快晴,快晴,8.8,1.5,0
高松,2,29,冬,雨,雨,6.3,4.3,3
高松,3,1,春,晴,晴,3.5,3.3,0
高松,3,2,春,晴,快晴,7,3.2,0
高松,3,3,春,快晴,快晴,9.7,2,0
高松,3,4,春,曇,曇,9.4,1.2,0
高松,3,5,春,快晴,快晴,11.9,1.4,0
高松,3,6,春,曇,曇,14.1,1.2,0
高松,3,7,春,曇,晴,16,1.4,0
高松,3,8,春,晴,晴,15.2,2.4,0
高松,3,9,春,雨,雨,8.7,2.6,42.5
高松,3,10,春,曇,曇,7.9,2.3,0
高松,3,11,春,曇,晴,7.4,2.5,0
高松,3,12,春,晴,快晴,7.5,1.9,0
高松,3,13,春,曇,曇,8,1.7,3.5
高松,3,14,春,雨,曇,7,2,19
高松,3,15,春,晴,快晴,8.4,2.5,0
高松,3,16,春,曇,薄曇,8.6,1.4,0
高松,3,17,春,快晴,晴,11.4,1.4,0
高松,3,18,春,薄曇,雨,11.9,1.2,5
高松,3,19,春,曇,曇,14.4,2.6,2
高松,3,20,春,晴,快晴,11.2,3.3,0
高松,3,21,春,晴,快晴,10.1,2.3,0
高松,3,22,春,快晴,晴,10.5,1.7,0
高松,3,23,春,薄曇,薄曇,12.4,2,0
高松,3,24,春,晴,曇,9.6,3.6,0
高松,3,25,春,晴,晴,8,2.8,0
高松,3,26,春,晴,晴,7.7,1.6,0
高松,3,27,春,晴,曇,9.7,2.3,0
高松,3,28,春,晴,晴,11.3,2.8,0
高松,3,29,春,晴,曇,12.3,1.8,0
高松,3,30,春,薄曇,薄曇,14.9,2.6,0
高松,3,31,春,晴,曇,15.1,1.7,0.5
高松,4,1,春,雨,雨,14,3.7,6
高松,4,2,春,快晴,曇,15.6,1.6,0
高松,4,3,春,曇,曇,16.9,2.4,3.5
高松,4,4,春,雨,曇,15.6,1.7,12
高松,4,5,春,曇,薄曇,13.9,1.7,0
高松,4,6,春,薄曇,薄曇,14.9,1.8,0
高松,4,7,春,雨,曇,16,2.2,20.5
高松,4,8,春,薄曇,曇,16.1,2,0
高松,4,9,春,薄曇,薄曇,16.9,1.4,0
高松,4,10,春,薄曇,曇,16.4,1.2,0
高松,4,11,春,薄曇,晴,12.4,4,0
高松,4,12,春,晴,薄曇,10.4,2,0
高松,4,13,春,曇,曇,14.6,1.7,6
高松,4,14,春,曇,晴,18.9,2.4,0
高松,4,15,春,快晴,快晴,16.3,2.2,0
高松,4,16,春,薄曇,晴,16.1,1.8,0
高松,4,17,春,晴,快晴,20.6,4.9,4
高松,4,18,春,曇,曇,15.6,4.4,0
高松,4,19,春,快晴,快晴,16,4.1,0
高松,4,20,春,快晴,晴,15.5,2,0
高松,4,21,春,雨,雨,15.9,1.4,19
高松,4,22,春,晴,晴,20.4,2.9,0
高松,4,23,春,曇,曇,18,1.7,4.5
高松,4,24,春,薄曇,曇,17,1.5,0
高松,4,25,春,薄曇,曇,16.9,1.7,0
高松,4,26,春,快晴,薄曇,18.9,1.8,0
高松,4,27,春,雨,雨,17.3,3.7,7.5
高松,4,28,春,雨,雨,16,3.3,1.5
高松,4,29,春,晴,晴,13.8,3.1,0
高松,4,30,春,快晴,快晴,16,2,0
高松,5,1,春,快晴,晴,20.1,2.1,0
高松,5,2,春,快晴,薄曇,20,1.9,0
高松,5,3,春,曇,雨,19,2.9,4
高松,5,4,春,快晴,快晴,21.6,7.3,0
高松,5,5,春,快晴,薄曇,21.9,4.8,0
高松,5,6,春,雨,曇,17.4,1.4,1.5
高松,5,7,春,曇,薄曇,19.8,2.5,0
高松,5,8,春,薄曇,薄曇,19.3,2,0
高松,5,9,春,雨,雨,16.2,2.1,23
高松,5,10,春,曇,雨,17.9,1.5,2.5
高松,5,11,春,曇,曇,18.5,3.6,4.5
高松,5,12,春,快晴,快晴,18.2,1.9,0
高松,5,13,春,晴,薄曇,20,1.8,0
高松,5,14,春,晴,薄曇,21.3,2.1,0
高松,5,15,春,曇,晴,21.6,1.9,0
高松,5,16,春,曇,雨,20.6,3,34.5
高松,5,17,春,晴,晴,18.9,2.2,0
高松,5,18,春,晴,晴,19.9,2,0
高松,5,19,春,薄曇,薄曇,20.6,1.7,0
高松,5,20,春,快晴,快晴,22.2,1.9,0
高松,5,21,春,晴,晴,22.8,1.6,0
高松,5,22,春,薄曇,薄曇,21.7,2,0
高松,5,23,春,晴,薄曇,23.3,1.9,0
高松,5,24,春,薄曇,曇,22.7,1.7,0
高松,5,25,春,曇,曇,21.7,1.8,0
高松,5,26,春,曇,雨,23.5,2,4
高松,5,27,春,曇,晴,24.2,1.8,0
高松,5,28,春,曇,曇,21.1,2,0
高松,5,29,春,曇,雨,20.9,2.2,7.5
高松,5,30,春,曇,晴,22.1,1.9,3
高松,5,31,春,快晴,薄曇,24.4,3.2,0
高松,6,1,夏,薄曇,晴,21.9,2.6,0
高松,6,2,夏,晴,快晴,20,2.4,0
高松,6,3,夏,快晴,快晴,21,2.1,0
高松,6,4,夏,曇,曇,20.3,2.5,6
高松,6,5,夏,雨,曇,18.5,3.4,15
高松,6,6,夏,曇,曇,21.7,2,0
高松,6,7,夏,雨,雨,20.3,2.5,42.5
高松,6,8,夏,曇,曇,22.1,2.1,0
高松,6,9,夏,雨,晴,22.8,1.6,4.5
高松,6,10,夏,晴,快晴,25.2,1.9,0
高松,6,11,夏,薄曇,薄曇,24.9,2,0
高松,6,12,夏,曇,雨,23,3.3,32.5
高松,6,13,夏,曇,曇,22.8,1.9,12
高松,6,14,夏,晴,晴,25.1,1.9,0
高松,6,15,夏,薄曇,薄曇,25.9,1.9,0
高松,6,16,夏,雨,雨,24,2,7.5
高松,6,17,夏,曇,曇,24.7,4.7,0
高松,6,18,夏,薄曇,薄曇,25.4,1.9,0
高松,6,19,夏,雨,曇,22.7,1.7,26
高松,6,20,夏,曇,曇,24.6,2,0.5
高松,6,21,夏,曇,曇,25.2,2.4,41
高松,6,22,夏,雨,雨,23.7,1.4,14
高松,6,23,夏,曇,晴,25.9,2.7,65
高松,6,24,夏,曇,曇,22.6,2.4,32
高松,6,25,夏,雨,雨,23.8,4,8
高松,6,26,夏,晴,晴,24.3,3.2,0
高松,6,27,夏,晴,曇,22.6,1.9,19
高松,6,28,夏,曇,雨,21.3,1.6,9.5
高松,6,29,夏,雨,雨,22,1.5,13
高松,6,30,夏,曇,雨,24.4,1.2,0.5
高松,7,1,夏,晴,晴,26.5,1.7,0
高松,7,2,夏,薄曇,薄曇,28.7,1.9,0
高松,7,3,夏,晴,晴,30.2,2.7,0
高松,7,4,夏,薄曇,薄曇,30.1,2.3,0
高松,7,5,夏,晴,曇,29.2,2,0
高松,7,6,夏,晴,晴,29.6,1.8,0
高松,7,7,夏,快晴,薄曇,29.5,2.3,0
高松,7,8,夏,雨,雨,24.5,1.7,13.5
高松,7,9,夏,雨,雨,24.8,1.7,28
高松,7,10,夏,薄曇,薄曇,27.6,1.5,0
高松,7,11,夏,曇,曇,27.8,2.1,0
高松,7,12,夏,曇,曇,28.6,1.7,0
高松,7,13,夏,雨,曇,27.8,2.1,9.5
高松,7,14,夏,曇,曇,28.5,4,0
高松,7,15,夏,曇,曇,25.6,3.9,0
高松,7,16,夏,薄曇,曇,26.1,1.9,0
高松,7,17,夏,雨,曇,27.5,2.1,9
高松,7,18,夏,晴,快晴,28.7,2.4,0
高松,7,19,夏,晴,快晴,28.4,1.8,0
高松,7,20,夏,晴,晴,28,2.7,0
高松,7,21,夏,薄曇,晴,27.6,2.6,0
高松,7,22,夏,曇,薄曇,27.5,2.4,0
高松,7,23,夏,曇,晴,28,2,0
高松,7,24,夏,薄曇,曇,28,2.1,0
高松,7,25,夏,薄曇,雨,27.1,1.7,0
高松,7,26,夏,曇,晴,28.1,1.8,0
高松,7,27,夏,曇,晴,29.1,1.8,0
高松,7,28,夏,晴,晴,29.4,2.1,0
高松,7,29,夏,曇,晴,29.4,2.3,0
高松,7,30,夏,曇,薄曇,29,2,0
高松,7,31,夏,晴,晴,29.4,1.9,0
高松,8,1,夏,晴,快晴,30,1.9,0
高松,8,2,夏,晴,薄曇,29.1,1.8,6.5
高松,8,3,夏,薄曇,薄曇,29.2,1.7,0
高松,8,4,夏,晴,晴,29.8,1.9,0
高松,8,5,夏,曇,薄曇,30,2,0
高松,8,6,夏,薄曇,晴,30.4,2.2,0
高松,8,7,夏,晴,晴,29.9,2.3,0
高松,8,8,夏,晴,快晴,30.5,2.3,0
高松,8,9,夏,晴,曇,30.6,2.3,0
高松,8,10,夏,快晴,薄曇,29.9,1.8,0
高松,8,11,夏,晴,薄曇,29.4,2,0
高松,8,12,夏,快晴,晴,29.8,2.1,0
高松,8,13,夏,晴,晴,30.6,1.8,0
高松,8,14,夏,晴,晴,31.3,2.1,0
高松,8,15,夏,晴,晴,31.5,2.4,0
高松,8,16,夏,晴,雷,30,1.9,1
高松,8,17,夏,曇,晴,29.3,2.2,1.5
高松,8,18,夏,晴,晴,30.3,2.3,0
高松,8,19,夏,晴,晴,30.9,2,0
高松,8,20,夏,曇,晴,30.8,2,0.5
高松,8,21,夏,晴,快晴,31.1,2.6,0
高松,8,22,夏,晴,曇,30.1,2.3,0
高松,8,23,夏,晴,快晴,30.1,2.6,0
高松,8,24,夏,晴,晴,29.9,2.8,0
高松,8,25,夏,晴,晴,29.9,2.1,0
高松,8,26,夏,薄曇,晴,28.8,2.3,0.5
高松,8,27,夏,曇,曇,26.3,2.4,0
高松,8,28,夏,曇,薄曇,27.8,4.2,0
高松,8,29,夏,雨,晴,25.3,5,79.5
高松,8,30,夏,晴,晴,24.9,5.6,0
高松,8,31,夏,快晴,快晴,26.5,3,0
高松,9,1,秋,晴,雨,25.5,1.6,0
高松,9,2,秋,薄曇,晴,26.8,2.7,0
高松,9,3,秋,曇,曇,28.2,3.4,0
高松,9,4,秋,晴,雨,28.6,4.4,0
高松,9,5,秋,雨,曇,26.5,1.5,10.5
高松,9,6,秋,曇,晴,28.5,2.2,0
高松,9,7,秋,曇,雷,28,2.1,0
高松,9,8,秋,雨,曇,25.5,3.4,36.5
高松,9,9,秋,晴,快晴,25.7,1.7,0
高松,9,10,秋,晴,晴,26,2.2,0
高松,9,11,秋,晴,晴,26.9,1.8,0
高松,9,12,秋,曇,曇,26.7,2.7,1
高松,9,13,秋,雷,曇,24.6,1.8,31
高松,9,14,秋,雨,曇,24.2,1.3,1
高松,9,15,秋,曇,曇,25,2,0
高松,9,16,秋,曇,晴,26.2,2,0
高松,9,17,秋,薄曇,雨,26.8,1.4,0
高松,9,18,秋,雨,雨,25.3,1.5,31.5
高松,9,19,秋,雨,雨,23.3,1.8,21
高松,9,20,秋,雨,雨,21.1,3.5,100.5
高松,9,21,秋,曇,曇,22.3,1.6,0
高松,9,22,秋,雨,雨,22.3,1.8,12
高松,9,23,秋,曇,曇,22,1.4,0.5
高松,9,24,秋,曇,晴,23.7,2.1,0
高松,9,25,秋,曇,曇,24.5,1.9,0.5
高松,9,26,秋,雨,晴,24.9,2,9.5
高松,9,27,秋,晴,曇,26.4,1.9,0
高松,9,28,秋,曇,雨,26.7,2.3,10
高松,9,29,秋,曇,雨,22.6,1.9,20
高松,9,30,秋,曇,曇,22.1,2,0
高松,10,1,秋,曇,曇,22.9,1.3,1.5
高松,10,2,秋,晴,晴,25.9,1.7,0
高松,10,3,秋,曇,曇,25.2,1.5,0
高松,10,4,秋,曇,曇,24.4,2,0
高松,10,5,秋,曇,曇,26.2,3.2,1.5
高松,10,6,秋,晴,晴,24.3,2.6,0
高松,10,7,秋,晴,曇,21,2.6,0
高松,10,8,秋,曇,曇,24.4,1.4,0
高松,10,9,秋,曇,曇,21.6,3.1,10.5
高松,10,10,秋,晴,晴,19.2,2.6,0
高松,10,11,秋,曇,曇,18.5,1.8,0
高松,10,12,秋,曇,晴,19.2,2.1,0
高松,10,13,秋,曇,曇,17.9,2,0
高松,10,14,秋,曇,晴,17.5,1.4,0
高松,10,15,秋,快晴,薄曇,17.8,1.9,0
高松,10,16,秋,曇,雨,22.2,3.6,0
高松,10,17,秋,曇,晴,22.3,1.7,15
高松,10,18,秋,曇,晴,23.4,1.5,0
高松,10,19,秋,曇,曇,22.7,1.8,0
高松,10,20,秋,薄曇,薄曇,22.5,1.9,0
高松,10,21,秋,曇,曇,19.1,2.3,0
高松,10,22,秋,雨,雨,17,1.2,9.5
高松,10,23,秋,晴,曇,18.5,1.7,1.5
高松,10,24,秋,快晴,快晴,16.9,2.2,0
高松,10,25,秋,晴,曇,18.6,1.6,0
高松,10,26,秋,晴,曇,21.1,1.8,0
高松,10,27,秋,晴,晴,19.3,2.8,0
高松,10,28,秋,曇,雨,17.6,2,2
高松,10,29,秋,曇,曇,17.4,3.4,0.5
高松,10,30,秋,晴,晴,14.5,1.4,0
高松,10,31,秋,晴,曇,15.3,1.5,5.5
高松,11,1,秋,晴,晴,15,2.7,5
高松,11,2,秋,快晴,晴,14.2,2.4,0
高松,11,3,秋,晴,晴,14.1,3.8,0
高松,11,4,秋,快晴,快晴,12.9,1.9,0
高松,11,5,秋,快晴,快晴,14.2,1.9,0
高松,11,6,秋,曇,曇,14.2,2.7,0
高松,11,7,秋,曇,快晴,12,1.9,0
高松,11,8,秋,曇,曇,13.6,2.1,3
高松,11,9,秋,晴,晴,11.4,3.3,0
高松,11,10,秋,曇,曇,10,2.1,0
高松,11,11,秋,曇,晴,13.4,2.5,0
高松,11,12,秋,快晴,晴,13.6,1.6,0
高松,11,13,秋,晴,曇,14.9,1.3,0
高松,11,14,秋,雨,雨,16.3,1.4,2
高松,11,15,秋,曇,雨,17.1,2.6,1
高松,11,16,秋,晴,快晴,12.1,1.8,0
高松,11,17,秋,晴,晴,12.9,1.7,0
高松,11,18,秋,快晴,曇,13.9,1.8,2
高松,11,19,秋,雨,曇,18.1,2.2,5.5
高松,11,20,秋,薄曇,曇,18.4,1.7,0
高松,11,21,秋,曇,曇,16.4,2.3,0.5
高松,11,22,秋,快晴,快晴,17.2,3,0
高松,11,23,秋,曇,曇,12.1,3.4,0
高松,11,24,秋,晴,晴,11,3.6,1.5
高松,11,25,秋,薄曇,快晴,10.6,2.3,0
高松,11,26,秋,快晴,薄曇,10.7,1.7,2.5
高松,11,27,秋,雨,雨,12.1,1.7,25.5
高松,11,28,秋,曇,曇,12.3,3.3,0
高松,11,29,秋,晴,曇,11.6,3,0
高松,11,30,秋,曇,曇,10.5,2.1,0
高松,12,1,冬,曇,曇,13.8,3.5,0
高松,12,2,冬,晴,晴,11.2,2.1,0
高松,12,3,冬,快晴,晴,10.1,1.2,0
高松,12,4,冬,曇,雨,11,1.6,19.5
高松,12,5,冬,薄曇,薄曇,14.4,3.1,0.5
高松,12,6,冬,晴,晴,12.1,3.7,0
高松,12,7,冬,快晴,晴,9,2.1,0
高松,12,8,冬,快晴,薄曇,9.8,2,0
高松,12,9,冬,晴,晴,10.4,3.5,0
高松,12,10,冬,晴,曇,8.9,1.8,0
高松,12,11,冬,曇,晴,8.6,2.4,0
高松,12,12,冬,薄曇,曇,7.9,1.4,0
高松,12,13,冬,雨,雨,10,1.2,27
高松,12,14,冬,曇,曇,9.2,3.3,0.5
高松,12,15,冬,晴,雨,6.1,2.2,0.5
高松,12,16,冬,晴,晴,5.8,3,0
高松,12,17,冬,晴,晴,7.9,3.1,0
高松,12,18,冬,晴,薄曇,8.1,1.7,0
高松,12,19,冬,晴,晴,8.5,1.3,0
高松,12,20,冬,曇,曇,10.5,1,0
高松,12,21,冬,曇,快晴,10.7,1.5,0
高松,12,22,冬,曇,曇,13.9,2.6,6
高松,12,23,冬,晴,雨,10.8,6.5,2
高松,12,24,冬,晴,曇,8.7,2.3,0
高松,12,25,冬,晴,晴,7.8,1.5,0
高松,12,26,冬,雨,雨,9,1.2,2
高松,12,27,冬,雨,晴,10.8,4,15
高松,12,28,冬,晴,曇,5.3,3,0
高松,12,29,冬,薄曇,雨,5.2,2.9,0
高松,12,30,冬,快晴,晴,6.4,2.6,0
高松,12,31,冬,快晴,晴,6.6,2,0
金沢,1,1,冬,曇,晴,5.6,2.8,0.5
金沢,1,2,冬,曇,晴,10.9,7,0.5
金沢,1,3,冬,晴,晴,12.6,5.5,0
金沢,1,4,冬,雨,曇,11.3,5.3,1.5
金沢,1,5,冬,雨,雨,9.1,4.1,3.5
金沢,1,6,冬,曇,曇,8,3,0
金沢,1,7,冬,雨,雨,5.2,2.5,19.5
金沢,1,8,冬,雨,雨,5,5.4,17
金沢,1,9,冬,晴,曇,4.8,4.4,14
金沢,1,10,冬,曇,雨,6.3,6.7,4
金沢,1,11,冬,雨,曇,3.6,4.6,2.5
金沢,1,12,冬,曇,雨,2.2,3.8,0
金沢,1,13,冬,曇,曇,3.3,5.2,14
金沢,1,14,冬,雪,みぞれ,3.2,5.8,33
金沢,1,15,冬,みぞれ,雨,3.8,4.2,5
金沢,1,16,冬,雨,雨,4.1,4.5,4.5
金沢,1,17,冬,晴,曇,4.2,4.5,0
金沢,1,18,冬,雨,雨,6.6,6.6,24.5
金沢,1,19,冬,あられ,雪,1.5,12.4,13.5
金沢,1,20,冬,みぞれ,曇,3.8,7.7,6
金沢,1,21,冬,曇,曇,2.7,2.8,6
金沢,1,22,冬,雪,雪,1.1,2.7,6
金沢,1,23,冬,薄曇,雨,2.3,4.1,6.5
金沢,1,24,冬,あられ,曇,-0.4,11.6,17
金沢,1,25,冬,曇,曇,0.7,4.4,4
金沢,1,26,冬,晴,晴,3.8,4.6,0
金沢,1,27,冬,雨,曇,6.2,6.6,1.5
金沢,1,28,冬,雨,曇,7.7,4,0.5
金沢,1,29,冬,雨,雨,4.7,7.3,22.5
金沢,1,30,冬,曇,晴,4.3,4.2,8
金沢,1,31,冬,晴,曇,5.7,2.8,5
金沢,2,1,冬,曇,曇,2.2,5.1,0
金沢,2,2,冬,雪,雪,2,3.4,1.5
金沢,2,3,冬,雪,晴,3,2.4,0.5
金沢,2,4,冬,曇,曇,4.7,5.4,11.5
金沢,2,5,冬,晴,曇,6,2.8,7.5
金沢,2,6,冬,曇,曇,3.8,4.2,22
金沢,2,7,冬,雪,晴,1.5,3.7,0
金沢,2,8,冬,快晴,晴,4,3.5,2
金沢,2,9,冬,みぞれ,曇,3.9,7.3,33
金沢,2,10,冬,雪,晴,3.9,4.9,2
金沢,2,11,冬,快晴,快晴,4.4,4.3,0
金沢,2,12,冬,薄曇,曇,9.1,2.4,0
金沢,2,13,冬,雨,雨,13.3,2.6,5
金沢,2,14,冬,雨,雨,12.4,6.7,27
金沢,2,15,冬,雪,雪,1.7,4.4,22.5
金沢,2,16,冬,雪,雪,0.5,6.2,34
金沢,2,17,冬,みぞれ,雪,1.5,4,30.5
金沢,2,18,冬,快晴,快晴,4.7,3.4,0
金沢,2,19,冬,晴,曇,8.5,5.6,0
金沢,2,20,冬,曇,雨,6.8,3.5,26.5
金沢,2,21,冬,晴,曇,6.7,7.2,3
金沢,2,22,冬,薄曇,曇,4.5,2.9,1
金沢,2,23,冬,曇,曇,6.9,5,3
金沢,2,24,冬,雪,晴,2.4,3.9,0
金沢,2,25,冬,晴,曇,2.6,4,3.5
金沢,2,26,冬,雪,曇,2.3,4.5,13.5
金沢,2,27,冬,快晴,雨,6,5,3
金沢,2,28,冬,快晴,快晴,8.1,2.3,0
金沢,2,29,冬,雨,雨,6,7.5,29
金沢,3,1,春,あられ,曇,1.1,4.9,3.5
金沢,3,2,春,曇,曇,4.1,5,5
金沢,3,3,春,雨,晴,8.3,5.3,0
金沢,3,4,春,薄曇,快晴,8.3,3.3,0
金沢,3,5,春,雨,快晴,11.5,3.6,0
金沢,3,6,春,薄曇,曇,16.2,5.4,0
金沢,3,7,春,曇,晴,12.4,5,2.5
金沢,3,8,春,曇,曇,11.4,3.4,0
金沢,3,9,春,雨,雨,4.9,6,9.5
金沢,3,10,春,薄曇,曇,4.6,4.5,0
金沢,3,11,春,晴,晴,4.7,3.7,4
金沢,3,12,春,みぞれ,晴,4,3.6,0
金沢,3,13,春,薄曇,曇,5.7,2.6,3
金沢,3,14,春,曇,曇,5.1,3.9,7.5
金沢,3,15,春,雨,快晴,5.7,3,1.5
金沢,3,16,春,薄曇,薄曇,8.3,3.2,0
金沢,3,17,春,快晴,快晴,10.9,2.6,0
金沢,3,18,春,薄曇,雨,12.8,3.4,3.5
金沢,3,19,春,雨,曇,11.2,3.2,13.5
金沢,3,20,春,曇,曇,8.6,3.8,0
金沢,3,21,春,晴,快晴,7.1,3.1,0
金沢,3,22,春,快晴,晴,9.6,4.5,0
金沢,3,23,春,曇,曇,8.6,4.6,1
金沢,3,24,春,雨,晴,5.8,3.3,0
金沢,3,25,春,みぞれ,晴,4.8,2.8,2
金沢,3,26,春,晴,晴,7,3.1,0
金沢,3,27,春,薄曇,快晴,8.1,2.4,0
金沢,3,28,春,快晴,晴,9.5,2.6,0
金沢,3,29,春,快晴,薄曇,11.4,2.6,0
金沢,3,30,春,曇,曇,13.9,5.5,0
金沢,3,31,春,晴,薄曇,12.5,2.2,0
金沢,4,1,春,晴,薄曇,14.8,5.1,0
金沢,4,2,春,晴,晴,15.9,2.1,0
金沢,4,3,春,曇,曇,17.8,3.6,1
金沢,4,4,春,雨,雨,10.6,5.8,26
金沢,4,5,春,曇,晴,11.3,3.3,0.5
金沢,4,6,春,薄曇,薄曇,12.5,2.8,0
金沢,4,7,春,雨,雨,13,5.1,45.5
金沢,4,8,春,曇,曇,13.6,3.3,0
金沢,4,9,春,薄曇,晴,16.8,4.7,0
金沢,4,10,春,薄曇,曇,15.8,4.5,0
金沢,4,11,春,曇,晴,7.3,4.9,9.5
金沢,4,12,春,晴,薄曇,9.2,2.8,0
金沢,4,13,春,曇,曇,15.1,3.9,28
金沢,4,14,春,薄曇,晴,15.4,3.6,1
金沢,4,15,春,晴,快晴,11.5,4.1,0
金沢,4,16,春,快晴,薄曇,15.4,1.9,0
金沢,4,17,春,曇,晴,19,8.7,1
金沢,4,18,春,曇,曇,14.3,5.5,0
金沢,4,19,春,曇,快晴,12.5,5.2,0
金沢,4,20,春,快晴,薄曇,13.4,1.8,0
金沢,4,21,春,曇,雨,14.9,2.9,28
金沢,4,22,春,雨,曇,14.5,3.8,4
金沢,4,23,春,晴,曇,15.6,3.7,0
金沢,4,24,春,晴,曇,15.3,3.9,0
金沢,4,25,春,薄曇,薄曇,15.8,3.5,0
金沢,4,26,春,快晴,薄曇,16.8,4,0
金沢,4,27,春,薄曇,曇,15.6,6.2,3.5
金沢,4,28,春,雨,雨,12.4,5.7,52.5
金沢,4,29,春,雨,晴,11.7,4.7,0.5
金沢,4,30,春,晴,曇,14.2,3.9,0
金沢,5,1,春,曇,曇,17.2,5.6,0
金沢,5,2,春,薄曇,薄曇,19.1,2.8,0
金沢,5,3,春,薄曇,曇,22.2,3.4,0
金沢,5,4,春,快晴,快晴,20.3,9.7,11.5
金沢,5,5,春,晴,薄曇,17.9,7.3,0
金沢,5,6,春,曇,曇,19.3,4.1,0
金沢,5,7,春,曇,薄曇,18.8,6.9,0
金沢,5,8,春,快晴,薄曇,16.5,4.5,0
金沢,5,9,春,曇,曇,17.5,2.8,0
金沢,5,10,春,曇,曇,17.8,2.8,9.5
金沢,5,11,春,雨,雨,16.5,6.6,11
金沢,5,12,春,晴,快晴,16,2.8,0
金沢,5,13,春,快晴,薄曇,18.9,3,0
金沢,5,14,春,曇,薄曇,17.5,4.8,0
金沢,5,15,春,薄曇,薄曇,21.5,2.6,0
金沢,5,16,春,薄曇,曇,21.1,4.8,10
金沢,5,17,春,晴,晴,15,2.9,6.5
金沢,5,18,春,快晴,快晴,17.9,3.9,0
金沢,5,19,春,薄曇,薄曇,19.5,2.7,0
金沢,5,20,春,晴,晴,19.7,2.4,0
金沢,5,21,春,晴,快晴,18.7,3.1,0
金沢,5,22,春,快晴,快晴,19.1,3,0
金沢,5,23,春,快晴,晴,20.5,3.1,0
金沢,5,24,春,薄曇,薄曇,25.1,2.6,0
金沢,5,25,春,曇,曇,22.1,3.1,2
金沢,5,26,春,曇,曇,23.7,2.3,0.5
金沢,5,27,春,曇,快晴,20,4.3,24
金沢,5,28,春,曇,曇,20.3,1.7,0
金沢,5,29,春,薄曇,曇,21.3,2.9,2.5
金沢,5,30,春,雨,曇,18.3,3.3,4
金沢,5,31,春,薄曇,薄曇,21,4.6,0
金沢,6,1,夏,晴,晴,17.9,3.8,0
金沢,6,2,夏,晴,快晴,16.7,4.7,0
金沢,6,3,夏,快晴,快晴,18.7,2.1,0
金沢,6,4,夏,薄曇,曇,22.2,3.7,0
金沢,6,5,夏,晴,晴,20.9,4.6,0
金沢,6,6,夏,薄曇,薄曇,20.7,4.4,0
金沢,6,7,夏,曇,曇,21.6,2.2,0
金沢,6,8,夏,薄曇,薄曇,23.7,2.2,0
金沢,6,9,夏,雨,雨,21.3,2,16.5
金沢,6,10,夏,晴,快晴,22.2,4.1,0
金沢,6,11,夏,薄曇,薄曇,24.9,2.2,0
金沢,6,12,夏,薄曇,薄曇,25.2,2.3,0.5
金沢,6,13,夏,雨,曇,21,3,25
金沢,6,14,夏,雨,薄曇,22.3,2.2,1
金沢,6,15,夏,晴,薄曇,25.1,2.4,0
金沢,6,16,夏,曇,雨,24.5,2.2,4.5
金沢,6,17,夏,曇,曇,22.9,5,8
金沢,6,18,夏,薄曇,晴,23.3,2.9,0
金沢,6,19,夏,曇,雨,23.7,2.4,1
金沢,6,20,夏,曇,曇,24.5,4.6,0
金沢,6,21,夏,曇,快晴,23.7,3.2,22
金沢,6,22,夏,曇,曇,24.2,3.1,7
金沢,6,23,夏,雨,曇,21.4,3.8,24.5
金沢,6,24,夏,曇,雨,22.6,2.8,11.5
金沢,6,25,夏,曇,曇,23.4,7.5,24
金沢,6,26,夏,曇,快晴,21.5,4.2,44
金沢,6,27,夏,快晴,薄曇,23.3,3.5,0
金沢,6,28,夏,曇,曇,20.6,3.8,6.5
金沢,6,29,夏,曇,雨,22.4,2.8,2.5
金沢,6,30,夏,曇,曇,24.2,3.6,1.5
金沢,7,1,夏,晴,晴,26.7,2.3,0
金沢,7,2,夏,曇,曇,29.5,5.3,0
金沢,7,3,夏,雨,曇,25.3,4.9,15.5
金沢,7,4,夏,曇,雨,24.6,3.2,14
金沢,7,5,夏,曇,曇,26,2.9,9.5
金沢,7,6,夏,薄曇,晴,28.3,5.2,0
金沢,7,7,夏,雨,曇,24.9,3.4,0
金沢,7,8,夏,曇,曇,25.3,2,8
金沢,7,9,夏,雨,雨,23.5,2.2,18.5
金沢,7,10,夏,薄曇,晴,25.3,2.8,0
金沢,7,11,夏,晴,薄曇,25.5,3.1,0
金沢,7,12,夏,晴,曇,26.2,2.3,0
金沢,7,13,夏,曇,曇,27.3,4,21.5
金沢,7,14,夏,晴,曇,25.6,5,1.5
金沢,7,15,夏,雨,雨,22.4,6,21
金沢,7,16,夏,曇,曇,24.9,3.5,0
金沢,7,17,夏,雨,曇,25.4,3.7,11.5
金沢,7,18,夏,晴,曇,25.1,2.3,0
金沢,7,19,夏,晴,晴,25.1,2.8,0
金沢,7,20,夏,晴,曇,25,4.6,0
金沢,7,21,夏,曇,曇,24.3,4,0
金沢,7,22,夏,曇,薄曇,24.9,3.4,0
金沢,7,23,夏,薄曇,薄曇,26.8,2.5,0
金沢,7,24,夏,薄曇,薄曇,27.7,2.4,0
金沢,7,25,夏,曇,曇,27.1,2.5,0
金沢,7,26,夏,雨,曇,25.1,3.2,39
金沢,7,27,夏,薄曇,薄曇,28.6,3.1,0
金沢,7,28,夏,曇,晴,29.7,2.4,0
金沢,7,29,夏,晴,晴,29.6,2.6,0
金沢,7,30,夏,晴,晴,29,2.4,0
金沢,7,31,夏,快晴,晴,28.8,3,0
金沢,8,1,夏,晴,晴,27.8,3.1,0.5
金沢,8,2,夏,曇,晴,27.5,2.9,0
金沢,8,3,夏,曇,晴,27.5,2.3,0
金沢,8,4,夏,晴,晴,27.8,3.3,0
金沢,8,5,夏,晴,晴,28.3,3.2,0
金沢,8,6,夏,快晴,快晴,29,3.3,0
金沢,8,7,夏,快晴,快晴,30.1,2.2,0
金沢,8,8,夏,快晴,晴,29.1,3.5,0
金沢,8,9,夏,雨,曇,27.9,3.2,0
金沢,8,10,夏,曇,薄曇,26.3,3.5,0
金沢,8,11,夏,薄曇,晴,26.5,3.6,0
金沢,8,12,夏,快晴,晴,27.7,3.1,0
金沢,8,13,夏,快晴,晴,29,2.5,0
金沢,8,14,夏,曇,晴,28.6,2.3,0
金沢,8,15,夏,雨,晴,27.3,2.8,28
金沢,8,16,夏,晴,雨,27,3.8,61.5
金沢,8,17,夏,雨,晴,27.3,3.1,10.5
金沢,8,18,夏,晴,晴,28.3,4.7,0
金沢,8,19,夏,晴,晴,28.9,4.7,0
金沢,8,20,夏,曇,晴,28.8,2.6,4
金沢,8,21,夏,晴,晴,29.5,2.8,0
金沢,8,22,夏,晴,曇,28.7,3.2,0.5
金沢,8,23,夏,晴,晴,27.6,4.5,1
金沢,8,24,夏,曇,曇,27.7,4,0
金沢,8,25,夏,快晴,快晴,29.7,2.3,0
金沢,8,26,夏,晴,雨,27.1,4.1,13.5
金沢,8,27,夏,曇,曇,23.1,5,18.5
金沢,8,28,夏,晴,曇,24.2,4,0
金沢,8,29,夏,曇,曇,25.8,2.7,4
金沢,8,30,夏,雨,雨,22,5,65.5
金沢,8,31,夏,晴,快晴,27.6,5.8,0
金沢,9,1,秋,晴,薄曇,26.4,3.1,0
金沢,9,2,秋,薄曇,晴,26.6,2.6,0
金沢,9,3,秋,晴,晴,27.7,3.2,0
金沢,9,4,秋,晴,雨,27.8,2.5,7.5
金沢,9,5,秋,曇,曇,26.9,2.2,1
金沢,9,6,秋,雨,晴,26.1,3.3,1
金沢,9,7,秋,曇,曇,27.1,5,0
金沢,9,8,秋,雨,雨,24,4.9,24
金沢,9,9,秋,曇,曇,23.4,2.5,4
金沢,9,10,秋,晴,晴,23.8,3.8,0
金沢,9,11,秋,曇,薄曇,24.9,4.2,0
金沢,9,12,秋,薄曇,雨,24.3,4.1,3.5
金沢,9,13,秋,雨,曇,23.1,3.7,48
金沢,9,14,秋,曇,曇,23.9,2.1,5.5
金沢,9,15,秋,薄曇,薄曇,23.7,2.9,0
金沢,9,16,秋,曇,曇,24,1.6,0
金沢,9,17,秋,曇,雨,23.6,3.4,11
金沢,9,18,秋,雨,雨,21.4,2.9,93
金沢,9,19,秋,雨,曇,20.4,5,26
金沢,9,20,秋,雨,雨,19.2,6.3,45
金沢,9,21,秋,曇,曇,21.8,4.3,0
金沢,9,22,秋,曇,雨,22,2.7,15.5
金沢,9,23,秋,雨,曇,20.5,2.4,2.5
金沢,9,24,秋,薄曇,曇,21.6,3.4,0
金沢,9,25,秋,薄曇,薄曇,24.5,1.9,0
金沢,9,26,秋,雨,雨,24.4,2.1,1.5
金沢,9,27,秋,晴,曇,26.4,2.4,0
金沢,9,28,秋,雨,雨,23.5,1.9,43
金沢,9,29,秋,雨,曇,20.2,3.4,46.5
金沢,9,30,秋,晴,曇,19.4,2.3,12.5
金沢,10,1,秋,曇,晴,20.7,3.6,6
金沢,10,2,秋,晴,晴,23.9,2.9,0
金沢,10,3,秋,曇,曇,24.9,2.9,0
金沢,10,4,秋,曇,曇,23.5,5,0
金沢,10,5,秋,曇,雨,23.7,6.8,0
金沢,10,6,秋,曇,晴,20.9,4.5,3.5
金沢,10,7,秋,晴,晴,19.4,6.1,0
金沢,10,8,秋,曇,雨,22.3,3.2,41.5
金沢,10,9,秋,曇,曇,18.2,4.3,43
金沢,10,10,秋,曇,曇,16.2,4.5,0
金沢,10,11,秋,薄曇,曇,16.7,3.2,0
金沢,10,12,秋,晴,雨,15.7,3.2,3.5
金沢,10,13,秋,曇,薄曇,15.2,3,0
金沢,10,14,秋,晴,快晴,15.8,3.3,0
金沢,10,15,秋,快晴,快晴,16.7,2.5,0
金沢,10,16,秋,晴,曇,19.1,2.6,0
金沢,10,17,秋,曇,曇,20.3,2.4,11
金沢,10,18,秋,晴,曇,21.1,3.1,0
金沢,10,19,秋,曇,曇,20.9,2.5,0
金沢,10,20,秋,晴,快晴,19.7,4.1,0
金沢,10,21,秋,薄曇,薄曇,14.8,4.8,0
金沢,10,22,秋,薄曇,雨,15.7,2.5,0
金沢,10,23,秋,曇,曇,15.7,4.9,0
金沢,10,24,秋,快晴,快晴,13.3,4.7,0
金沢,10,25,秋,曇,曇,17,4.3,1.5
金沢,10,26,秋,曇,晴,19.5,3.1,6
金沢,10,27,秋,快晴,快晴,15,4.7,0
金沢,10,28,秋,曇,雨,13.2,5.1,27
金沢,10,29,秋,曇,曇,13.2,4.3,8.5
金沢,10,30,秋,薄曇,晴,12,4.1,0
金沢,10,31,秋,曇,曇,14.1,3.3,0
金沢,11,1,秋,雨,雨,11.8,5.2,1.5
金沢,11,2,秋,快晴,快晴,11.2,4.4,0
金沢,11,3,秋,雷,曇,11.8,5.9,28.5
金沢,11,4,秋,快晴,晴,12.3,2.7,7.5
金沢,11,5,秋,快晴,快晴,14.9,4.6,0
金沢,11,6,秋,曇,曇,12.1,5.4,2.5
金沢,11,7,秋,快晴,快晴,11.2,4.6,0
金沢,11,8,秋,曇,雨,12.6,5.3,27
金沢,11,9,秋,雨,雨,7.1,3.8,1.5
金沢,11,10,秋,薄曇,曇,8.9,4.9,0
金沢,11,11,秋,晴,曇,13.4,4.4,11.5
金沢,11,12,秋,晴,快晴,14,2.3,0
金沢,11,13,秋,快晴,晴,14.1,2.5,0
金沢,11,14,秋,曇,曇,14.9,1.9,1.5
金沢,11,15,秋,雨,曇,14.4,4.9,12.5
金沢,11,16,秋,曇,晴,9.9,3.1,0
金沢,11,17,秋,雨,雨,9.2,3.9,6
金沢,11,18,秋,快晴,晴,9.9,2.2,0
金沢,11,19,秋,雨,曇,14.9,4,16
金沢,11,20,秋,雨,曇,16.1,4.3,0.5
金沢,11,21,秋,薄曇,曇,13.9,4.6,0
金沢,11,22,秋,曇,晴,14.6,3.6,3
金沢,11,23,秋,雨,晴,6.4,6,2
金沢,11,24,秋,晴,晴,7.4,6.3,0
金沢,11,25,秋,雨,曇,8.1,4,10
金沢,11,26,秋,晴,曇,10.5,2.3,6
金沢,11,27,秋,雨,雨,11.2,2.2,21
金沢,11,28,秋,曇,曇,9.6,3.7,2.5
金沢,11,29,秋,曇,雨,7.6,3.2,2
金沢,11,30,秋,薄曇,曇,7.2,2.9,0.5
金沢,12,1,冬,曇,雨,14.2,7.4,6.5
金沢,12,2,冬,晴,晴,10,4,0
金沢,12,3,冬,快晴,快晴,11.4,2.4,0
金沢,12,4,冬,薄曇,曇,12,2.5,0.5
金沢,12,5,冬,曇,曇,13.3,5.4,5
金沢,12,6,冬,雨,雨,8.5,6.5,12
金沢,12,7,冬,晴,雨,6.9,4.6,6
金沢,12,8,冬,晴,晴,7.5,2.7,11.5
金沢,12,9,冬,雨,雨,10.1,7.1,15
金沢,12,10,冬,あられ,曇,4.8,4.2,5
金沢,12,11,冬,雨,みぞれ,2.9,3.6,6.5
金沢,12,12,冬,薄曇,薄曇,4.4,2.3,0
金沢,12,13,冬,雨,曇,10.4,3.5,17
金沢,12,14,冬,雨,曇,6.2,5.8,15
金沢,12,15,冬,みぞれ,曇,4,3.4,0
金沢,12,16,冬,雪,曇,2.2,3.8,18.5
金沢,12,17,冬,雨,雨,5.5,5.1,10
金沢,12,18,冬,曇,晴,9.6,4.4,0
金沢,12,19,冬,曇,曇,11.2,3.6,0
金沢,12,20,冬,曇,晴,11.1,2.2,0.5
金沢,12,21,冬,快晴,薄曇,10.6,2.5,0
金沢,12,22,冬,曇,曇,15.2,7.3,27
金沢,12,23,冬,雨,曇,9,5.9,17.5
金沢,12,24,冬,雨,晴,5.4,2.6,4
金沢,12,25,冬,雨,晴,6.1,2.8,2
金沢,12,26,冬,曇,雨,7.3,2,3.5
金沢,12,27,冬,雨,雨,6.7,5.4,54
金沢,12,28,冬,雪,晴,2.8,3.9,7.5
金沢,12,29,冬,薄曇,雨,4.5,4.6,8.5
金沢,12,30,冬,みぞれ,晴,3.6,3.2,2
金沢,12,31,冬,曇,雨,7.1,4.2,1
長野,1,1,冬,晴,快晴,1.3,1.6,1.5
長野,1,2,冬,薄曇,晴,2,1.3,0
長野,1,3,冬,晴,晴,4.5,1.4,0
長野,1,4,冬,快晴,晴,4.8,1.6,0
長野,1,5,冬,晴,薄曇,4.5,2,0
長野,1,6,冬,薄曇,曇,3.4,1.7,0
長野,1,7,冬,みぞれ,雪,1.5,2.3,0
長野,1,8,冬,曇,晴,0.1,1.2,0
長野,1,9,冬,晴,晴,1,1.7,0
長野,1,10,冬,晴,晴,1.2,1.6,0
長野,1,11,冬,雪,晴,0.5,3,0
長野,1,12,冬,晴,曇,-0.9,2.1,0
長野,1,13,冬,快晴,晴,-0.6,1,0
長野,1,14,冬,曇,雪,0.1,1.9,0
長野,1,15,冬,雪,晴,-0.5,1.8,0
長野,1,16,冬,晴,雪,-1,2.2,0
長野,1,17,冬,晴,曇,-0.4,1.5,0
長野,1,18,冬,雪,雨,1.2,4.5,13.5
長野,1,19,冬,曇,雪,-0.2,3.4,0
長野,1,20,冬,雪,雪,-2.2,2.3,16.5
長野,1,21,冬,晴,薄曇,-1.6,1.4,0
長野,1,22,冬,薄曇,雪,-2.4,1.8,0
長野,1,23,冬,曇,曇,-2,1.3,0
長野,1,24,冬,雪,雪,-3.9,3,0.5
長野,1,25,冬,雪,晴,-4.4,1.7,0
長野,1,26,冬,快晴,快晴,-3.5,1.3,0
長野,1,27,冬,快晴,快晴,-0.9,1.4,0
長野,1,28,冬,快晴,晴,0.5,1.2,0
長野,1,29,冬,雨,みぞれ,0.6,1.1,17
長野,1,30,冬,曇,曇,0.1,2,4
長野,1,31,冬,曇,晴,0.1,1.1,0
長野,2,1,冬,雪,曇,-0.6,3.2,0
長野,2,2,冬,雪,雪,-1.7,1.9,0
長野,2,3,冬,晴,晴,-2.1,1.9,0
長野,2,4,冬,薄曇,快晴,-0.9,1.6,0
長野,2,5,冬,曇,薄曇,1.1,1.6,0
長野,2,6,冬,晴,晴,1.1,2.7,0
長野,2,7,冬,雪,晴,-1.7,2.9,0
長野,2,8,冬,快晴,快晴,-1.8,1.8,0
長野,2,9,冬,曇,雪,-0.9,1.4,5.5
長野,2,10,冬,雪,晴,-1,2.6,2
長野,2,11,冬,曇,快晴,-0.3,1.4,0
長野,2,12,冬,晴,曇,3.5,1.2,0
長野,2,13,冬,晴,曇,8.7,2.9,0
長野,2,14,冬,雨,雨,10.1,3,14
長野,2,15,冬,雪,雪,0.5,3.9,1
長野,2,16,冬,晴,曇,0.3,1.6,0
長野,2,17,冬,雪,雪,-0.2,2.4,1
長野,2,18,冬,快晴,快晴,1.2,2,0
長野,2,19,冬,快晴,快晴,4.3,1.8,0
長野,2,20,冬,曇,雨,4.5,2.5,12.5
長野,2,21,冬,曇,晴,3.9,2.9,0
長野,2,22,冬,曇,薄曇,1.8,2.5,0
長野,2,23,冬,快晴,晴,4.5,2.4,0
長野,2,24,冬,雪,晴,-0.1,4.2,0
長野,2,25,冬,曇,晴,-1.1,2,0
長野,2,26,冬,快晴,曇,0.3,2,0
長野,2,27,冬,快晴,曇,3.8,3.3,0
長野,2,28,冬,快晴,晴,6.3,2.8,0
長野,2,29,冬,曇,雪,4,4.3,5
長野,3,1,春,晴,晴,-2.2,3.2,1
長野,3,2,春,晴,晴,-0.1,1.7,0
長野,3,3,春,晴,晴,3.1,2.4,0
長野,3,4,春,晴,快晴,4.8,1.7,0
長野,3,5,春,晴,晴,8,3,0
長野,3,6,春,薄曇,曇,14,4.7,0
長野,3,7,春,曇,曇,11.7,1.8,0
長野,3,8,春,晴,薄曇,10,3,0
長野,3,9,春,雨,雪,2.1,3.3,5
長野,3,10,春,曇,薄曇,1.6,3.9,0
長野,3,11,春,曇,晴,2,2.7,0
長野,3,12,春,曇,曇,1.6,2.5,0
長野,3,13,春,薄曇,薄曇,3.9,1.5,0
長野,3,14,春,雪,みぞれ,1.4,1.7,8.5
長野,3,15,春,雪,晴,1.7,3.2,1.5
長野,3,16,春,薄曇,薄曇,5.1,1.5,0
長野,3,17,春,快晴,快晴,8.9,1.7,0
長野,3,18,春,薄曇,曇,11.8,2.3,0.5
長野,3,19,春,雨,雨,12,4.2,2.5
長野,3,20,春,雨,曇,5.6,4.6,0
長野,3,21,春,晴,晴,3.9,3.7,0
長野,3,22,春,快晴,快晴,5.7,1.8,0
長野,3,23,春,曇,薄曇,4.6,3.7,0
長野,3,24,春,雪,曇,2.8,2.8,0
長野,3,25,春,雪,雪,1,2.5,0.5
長野,3,26,春,快晴,快晴,3.5,2.5,0
長野,3,27,春,晴,晴,7.1,2.5,0
長野,3,28,春,晴,晴,7.3,2.9,0
長野,3,29,春,快晴,薄曇,8.6,1.6,0
長野,3,30,春,晴,曇,11.1,2.3,0
長野,3,31,春,快晴,薄曇,10.4,2,0
長野,4,1,春,薄曇,薄曇,12,3.4,0
長野,4,2,春,快晴,晴,13.2,5.7,0
長野,4,3,春,薄曇,曇,15.2,3.1,0
長野,4,4,春,雨,雨,10.8,3.6,12
長野,4,5,春,曇,晴,9.5,2.1,0
長野,4,6,春,薄曇,薄曇,10.5,2,0
長野,4,7,春,雨,雨,11.7,4.9,25
長野,4,8,春,曇,薄曇,11.3,3.1,0
長野,4,9,春,薄曇,晴,12.5,2,0
長野,4,10,春,薄曇,曇,12.1,1.9,0
長野,4,11,春,雨,晴,4.2,5.3,1
長野,4,12,春,快晴,薄曇,8.1,2.6,0.5
長野,4,13,春,薄曇,曇,14,3.9,11.5
長野,4,14,春,薄曇,晴,14.4,3,9.5
長野,4,15,春,快晴,快晴,9.9,4.4,0
長野,4,16,春,晴,薄曇,13.1,2.8,0
長野,4,17,春,雨,晴,18.3,5.5,1.5
長野,4,18,春,曇,曇,12.3,3,0
長野,4,19,春,快晴,晴,10.9,3.1,0
長野,4,20,春,快晴,薄曇,12.8,2.6,0
長野,4,21,春,薄曇,雨,13.9,4.6,15
長野,4,22,春,曇,薄曇,14.5,2.8,0
長野,4,23,春,薄曇,薄曇,17.2,2.6,0
長野,4,24,春,薄曇,曇,14.3,3.3,0
長野,4,25,春,薄曇,薄曇,15.6,2.1,0
長野,4,26,春,快晴,薄曇,16.4,2.3,0
長野,4,27,春,薄曇,曇,16.2,2.1,1.5
長野,4,28,春,雨,曇,13.2,4.1,31
長野,4,29,春,晴,雨,9.6,4.2,0
長野,4,30,春,晴,曇,11.1,1.9,0
長野,5,1,春,晴,曇,15.6,2.7,0
長野,5,2,春,薄曇,薄曇,17.4,2.2,0
長野,5,3,春,薄曇,曇,20.4,5.3,0
長野,5,4,春,晴,快晴,18.6,4.9,5
長野,5,5,春,晴,快晴,16,3.1,0
長野,5,6,春,薄曇,曇,15.8,4.2,0
長野,5,7,春,晴,晴,17.3,5.2,0
長野,5,8,春,快晴,薄曇,15.3,3.2,0
長野,5,9,春,薄曇,曇,16.2,3.6,0
長野,5,10,春,曇,曇,19.5,2.9,0
長野,5,11,春,雨,曇,18.2,3.8,5.5
長野,5,12,春,晴,快晴,17,2.8,0
長野,5,13,春,快晴,晴,19.3,4.2,0
長野,5,14,春,晴,晴,18.8,2.2,0
長野,5,15,春,薄曇,晴,20.2,3.9,0
長野,5,16,春,薄曇,薄曇,20.6,5.5,0
長野,5,17,春,雨,曇,12.5,3.2,18
長野,5,18,春,快晴,晴,15.9,2.3,0
長野,5,19,春,晴,薄曇,18.9,2.2,0
長野,5,20,春,薄曇,薄曇,19.3,3.7,0
長野,5,21,春,快晴,快晴,18.2,2.7,0
長野,5,22,春,快晴,快晴,19.3,2.3,0
長野,5,23,春,薄曇,晴,20.3,2.6,0
長野,5,24,春,薄曇,薄曇,22.6,1.9,0
長野,5,25,春,曇,曇,22.6,4,0
長野,5,26,春,晴,曇,23.3,2.3,0
長野,5,27,春,曇,晴,18.2,2.7,5
長野,5,28,春,曇,曇,18.5,1.6,0
長野,5,29,春,薄曇,曇,21.3,2.4,0.5
長野,5,30,春,曇,曇,17.9,5.7,0.5
長野,5,31,春,薄曇,薄曇,20.4,2.4,0
長野,6,1,夏,晴,曇,15,4.5,0
長野,6,2,夏,晴,晴,13.5,4,0
長野,6,3,夏,快晴,快晴,15.9,1.8,0
長野,6,4,夏,薄曇,曇,20,2.2,0
長野,6,5,夏,曇,晴,19.9,2.6,0
長野,6,6,夏,薄曇,薄曇,20.2,2.6,0
長野,6,7,夏,薄曇,曇,21.7,3.7,0
長野,6,8,夏,晴,薄曇,23.3,3.9,0
長野,6,9,夏,雨,曇,20.6,3,3
長野,6,10,夏,晴,快晴,21.5,2.3,0
長野,6,11,夏,薄曇,薄曇,22.9,2.2,19.5
長野,6,12,夏,薄曇,薄曇,22.6,3.1,0
長野,6,13,夏,雨,曇,18.7,2.8,22
長野,6,14,夏,曇,曇,21.2,2.5,0
長野,6,15,夏,晴,曇,22.9,3.1,0
長野,6,16,夏,曇,雨,21.5,5.4,0.5
長野,6,17,夏,晴,晴,22.3,3.1,0
長野,6,18,夏,晴,晴,22.5,2.3,0
長野,6,19,夏,曇,雨,22.3,3.2,1
長野,6,20,夏,快晴,曇,23,2.8,0
長野,6,21,夏,曇,晴,21.9,2.3,0
長野,6,22,夏,曇,薄曇,22.3,1.6,5.5
長野,6,23,夏,雨,曇,20,2.6,13.5
長野,6,24,夏,曇,雨,20.3,3.1,11.5
長野,6,25,夏,曇,曇,21.7,2.6,11
長野,6,26,夏,晴,曇,19.9,2.2,0
長野,6,27,夏,快晴,晴,21.7,1.6,0
長野,6,28,夏,曇,曇,18.8,2.8,15.5
長野,6,29,夏,曇,曇,21.9,2.8,0
長野,6,30,夏,曇,曇,23.6,2.9,0
長野,7,1,夏,晴,快晴,25.3,2.1,0
長野,7,2,夏,曇,曇,26.7,2.3,0
長野,7,3,夏,雨,晴,24.7,2.1,0.5
長野,7,4,夏,曇,曇,22.8,2,5
長野,7,5,夏,晴,曇,24.1,2.6,1
長野,7,6,夏,曇,曇,26,2.6,0
長野,7,7,夏,曇,晴,25.5,1.9,0
長野,7,8,夏,曇,曇,24.5,1.4,0
長野,7,9,夏,雨,雨,22,1.2,6
長野,7,10,夏,薄曇,晴,24.3,2,0
長野,7,11,夏,晴,薄曇,23.6,2.4,0
長野,7,12,夏,薄曇,薄曇,25,1.8,0
長野,7,13,夏,雨,曇,23.9,1.1,12
長野,7,14,夏,晴,雷,24.2,2.2,3
長野,7,15,夏,曇,晴,22.8,1.9,8
長野,7,16,夏,薄曇,曇,24.5,2.3,0.5
長野,7,17,夏,雨,曇,25.2,2.8,1
長野,7,18,夏,晴,晴,24.4,3.1,0
長野,7,19,夏,晴,晴,24.3,2.9,0
長野,7,20,夏,曇,晴,23.4,2.4,0
長野,7,21,夏,薄曇,曇,23.4,2.2,0
長野,7,22,夏,曇,晴,24.2,2.6,0
長野,7,23,夏,晴,薄曇,24.7,3.4,0
長野,7,24,夏,晴,晴,25.2,3.5,0
長野,7,25,夏,薄曇,曇,24.7,2.8,0
長野,7,26,夏,曇,雨,22.2,3.3,34.5
長野,7,27,夏,曇,薄曇,25.1,2.6,7.5
長野,7,28,夏,曇,薄曇,27.1,3.1,0
長野,7,29,夏,晴,晴,27.7,3.3,0
長野,7,30,夏,曇,曇,27.2,2.6,0
長野,7,31,夏,晴,曇,27,2.5,0
長野,8,1,夏,晴,雨,26.6,2.6,0
長野,8,2,夏,曇,晴,24.8,2.3,3.5
長野,8,3,夏,薄曇,薄曇,25.1,1.8,0.5
長野,8,4,夏,晴,晴,26.3,2,0
長野,8,5,夏,晴,晴,27.2,2,0
長野,8,6,夏,晴,晴,28.4,1.9,0
長野,8,7,夏,快晴,晴,29.3,3.2,0
長野,8,8,夏,快晴,薄曇,27.3,3.6,0
長野,8,9,夏,晴,雨,26,3,0
長野,8,10,夏,曇,薄曇,24.8,2.6,0
長野,8,11,夏,薄曇,晴,25.4,2,0
長野,8,12,夏,晴,快晴,26.6,2,0
長野,8,13,夏,快晴,晴,27.2,2.8,0
長野,8,14,夏,薄曇,晴,27,2.7,0
長野,8,15,夏,曇,雨,26.2,2.7,0
長野,8,16,夏,曇,晴,27.6,3.5,0
長野,8,17,夏,晴,雨,25,2.6,0
長野,8,18,夏,曇,雨,25.3,2.1,3.5
長野,8,19,夏,晴,晴,26.8,2.3,0
長野,8,20,夏,曇,雨,27,3.4,0
長野,8,21,夏,快晴,曇,27.2,2,14.5
長野,8,22,夏,曇,曇,25.7,3,0
長野,8,23,夏,雨,晴,23.8,2.3,1
長野,8,24,夏,曇,晴,25.7,2,1
長野,8,25,夏,晴,晴,27.6,2.9,12
長野,8,26,夏,曇,曇,26.2,3.2,10
長野,8,27,夏,雨,雨,20,2.4,16
長野,8,28,夏,曇,曇,23.4,4,0
長野,8,29,夏,晴,晴,25.8,5.3,2
長野,8,30,夏,雨,雨,20.4,1.8,12.5
長野,8,31,夏,快晴,快晴,23.9,3,0
長野,9,1,秋,晴,薄曇,23.4,2.2,0
長野,9,2,秋,晴,晴,25.5,2.8,0
長野,9,3,秋,快晴,晴,26.8,4.2,0
長野,9,4,秋,快晴,晴,27.7,3.9,0
長野,9,5,秋,晴,曇,27,3.1,0
長野,9,6,秋,曇,晴,26.3,2.2,0
長野,9,7,秋,曇,曇,25.6,1.7,0
長野,9,8,秋,曇,雨,24.2,3.6,21
長野,9,9,秋,晴,晴,22.6,3,0
長野,9,10,秋,晴,晴,22.3,2.2,0
長野,9,11,秋,曇,曇,22.3,1.5,0
長野,9,12,秋,晴,曇,23.4,2.5,0.5
長野,9,13,秋,雨,曇,22.3,3,22
長野,9,14,秋,雨,薄曇,22.4,1.9,0.5
長野,9,15,秋,曇,薄曇,21.9,1.8,0
長野,9,16,秋,曇,曇,22.1,1.5,0
長野,9,17,秋,曇,曇,21.1,1.3,4
長野,9,18,秋,雨,雨,19.3,1.3,54.5
長野,9,19,秋,雨,曇,18.4,2.1,28
長野,9,20,秋,雨,雨,16.4,1.6,70
長野,9,21,秋,曇,曇,19.3,3.3,0
長野,9,22,秋,雨,雨,18.7,2.7,12
長野,9,23,秋,曇,曇,18.5,1.5,4
長野,9,24,秋,曇,曇,19.6,1.6,0
長野,9,25,秋,薄曇,薄曇,21.5,1.6,0
長野,9,26,秋,雨,雨,21.4,1.3,3.5
長野,9,27,秋,晴,薄曇,24,1.8,0
長野,9,28,秋,曇,雨,21.4,1.2,17.5
長野,9,29,秋,雨,曇,18.5,3,5
長野,9,30,秋,薄曇,曇,18,1.5,1.5
長野,10,1,秋,曇,曇,18.3,1.6,11
長野,10,2,秋,晴,曇,22.4,1.5,0.5
長野,10,3,秋,曇,雨,22.5,2.6,0
長野,10,4,秋,曇,薄曇,19.6,2.1,0
長野,10,5,秋,曇,曇,21.9,5.1,0
長野,10,6,秋,曇,晴,19.7,4.3,0
長野,10,7,秋,晴,晴,17.1,2.9,0
長野,10,8,秋,雨,雨,20.7,3.4,0
長野,10,9,秋,雨,晴,15.9,3.5,13.5
長野,10,10,秋,晴,曇,13.5,2.9,0
長野,10,11,秋,曇,曇,13.6,1.3,0
長野,10,12,秋,晴,雨,12.7,2.6,0
長野,10,13,秋,曇,晴,12.1,2.1,0
長野,10,14,秋,晴,快晴,12.1,1.4,0
長野,10,15,秋,快晴,快晴,12.7,1.5,0
長野,10,16,秋,晴,晴,15.5,3.1,0.5
長野,10,17,秋,雨,晴,17.1,3.5,8
長野,10,18,秋,快晴,晴,19.1,2.3,0
長野,10,19,秋,曇,晴,19.1,1.3,0
長野,10,20,秋,晴,快晴,16.7,3.2,0
長野,10,21,秋,薄曇,薄曇,12,2.3,0
長野,10,22,秋,曇,曇,12.3,1.3,0
長野,10,23,秋,曇,雨,12.5,3.5,0
長野,10,24,秋,晴,快晴,9.4,3,0
長野,10,25,秋,曇,雨,10.4,4.3,1
長野,10,26,秋,霧,晴,15,2.1,1.5
長野,10,27,秋,晴,晴,11.8,3.8,0
長野,10,28,秋,曇,雨,8.6,1.5,11.5
長野,10,29,秋,雨,晴,10.3,4.1,0
長野,10,30,秋,晴,快晴,8.9,2.1,0
長野,10,31,秋,薄曇,曇,10,1.6,0
長野,11,1,秋,曇,晴,9.4,2.6,0
長野,11,2,秋,晴,曇,8.9,2.4,0
長野,11,3,秋,晴,晴,8.6,2.6,0
長野,11,4,秋,晴,快晴,8.2,2.1,0
長野,11,5,秋,快晴,快晴,8.8,1.6,0
長野,11,6,秋,雨,曇,7.3,3.4,0
長野,11,7,秋,晴,快晴,7.3,2.2,0
長野,11,8,秋,薄曇,曇,8.7,2.8,5
長野,11,9,秋,雨,晴,3.8,4.9,0.5
長野,11,10,秋,曇,曇,4.9,1.6,0
長野,11,11,秋,曇,曇,8.9,1.6,8
長野,11,12,秋,晴,快晴,10.2,2.2,0
長野,11,13,秋,快晴,快晴,10,1.7,0
長野,11,14,秋,曇,晴,10.9,2.3,8
長野,11,15,秋,曇,雨,11.1,2.8,1
長野,11,16,秋,曇,晴,5.8,3,0
長野,11,17,秋,晴,曇,4.8,2.4,0
長野,11,18,秋,晴,快晴,6.8,1.4,0
長野,11,19,秋,雨,晴,9.4,1.6,9.5
長野,11,20,秋,曇,曇,10.6,2.2,0
長野,11,21,秋,曇,曇,11.1,2.3,0
長野,11,22,秋,曇,曇,10.8,2.2,0
長野,11,23,秋,曇,曇,3.5,4.5,0
長野,11,24,秋,雪,曇,0.3,1.1,5
長野,11,25,秋,晴,曇,2,1.5,0
長野,11,26,秋,曇,薄曇,5.8,3.1,0
長野,11,27,秋,雨,雨,6.8,1,13.5
長野,11,28,秋,雨,晴,5.3,3,0
長野,11,29,秋,雨,晴,3.9,3.4,0
長野,11,30,秋,薄曇,曇,5.2,2.7,0
長野,12,1,冬,薄曇,晴,8.3,1.7,1
長野,12,2,冬,快晴,快晴,5.7,2.7,0
長野,12,3,冬,快晴,快晴,4.7,1.2,0
長野,12,4,冬,薄曇,薄曇,6.1,1,0
長野,12,5,冬,晴,晴,9.1,1.6,0.5
長野,12,6,冬,雨,雨,3.8,3.4,3.5
長野,12,7,冬,晴,快晴,3.3,1.1,0
長野,12,8,冬,曇,晴,3.5,1.7,0
長野,12,9,冬,晴,雨,4.4,2.7,0.5
長野,12,10,冬,雪,晴,1.7,3.2,0
長野,12,11,冬,雪,曇,-0.5,1.6,2.5
長野,12,12,冬,晴,晴,0.1,1.6,0
長野,12,13,冬,雨,曇,3.6,0.9,8.5
長野,12,14,冬,雨,晴,3.3,3,11
長野,12,15,冬,快晴,晴,-0.2,1.7,0
長野,12,16,冬,雪,晴,-0.9,2,0
長野,12,17,冬,曇,雨,0,1.4,0
長野,12,18,冬,快晴,晴,1.8,1.1,0
長野,12,19,冬,晴,快晴,3,1.1,0
長野,12,20,冬,晴,晴,3.5,1.4,0
長野,12,21,冬,霧,薄曇,4.1,1.7,0
長野,12,22,冬,薄曇,曇,13,5,10
長野,12,23,冬,晴,晴,7.7,2.4,2
長野,12,24,冬,雪,雪,1.1,2.1,6
長野,12,25,冬,薄曇,快晴,0.4,1.4,0
長野,12,26,冬,曇,曇,3,1,0
長野,12,27,冬,雨,雨,3.8,3.4,14.5
長野,12,28,冬,雪,晴,-1,2.5,5.5
長野,12,29,冬,晴,晴,-1,1.8,0.5
長野,12,30,冬,晴,晴,-0.8,2.8,0
長野,12,31,冬,晴,快晴,-0.7,1.3,0
横浜,1,1,冬,快晴,快晴,8.3,3.4,0
横浜,1,2,冬,薄曇,晴,7.9,2.2,0
横浜,1,3,冬,晴,薄曇,10.1,2,0
横浜,1,4,冬,快晴,快晴,10.8,1.9,0
横浜,1,5,冬,快晴,晴,11.8,2.1,0
横浜,1,6,冬,曇,薄曇,9.7,2.3,0
横浜,1,7,冬,快晴,晴,9.3,3.2,0
横浜,1,8,冬,快晴,薄曇,8.1,2.6,0
横浜,1,9,冬,快晴,快晴,8.1,2.5,0
横浜,1,10,冬,快晴,晴,8.4,2.4,0
横浜,1,11,冬,曇,晴,7.9,2.6,0
横浜,1,12,冬,曇,曇,4.5,3.4,0
横浜,1,13,冬,曇,快晴,5.8,2,0
横浜,1,14,冬,快晴,快晴,7.1,2,0
横浜,1,15,冬,曇,晴,6.5,3.5,0
横浜,1,16,冬,快晴,快晴,7.2,2.6,0
横浜,1,17,冬,晴,曇,6.5,3.3,3.5
横浜,1,18,冬,雨,曇,4.5,5.9,45.5
横浜,1,19,冬,快晴,快晴,5.7,7,0
横浜,1,20,冬,快晴,晴,4.8,5.2,0
横浜,1,21,冬,晴,薄曇,5.9,3,0
横浜,1,22,冬,晴,晴,6.4,4,0
横浜,1,23,冬,曇,雨,4.8,3.2,0
横浜,1,24,冬,快晴,快晴,3.6,4.2,0
横浜,1,25,冬,快晴,快晴,3.6,2.5,0
横浜,1,26,冬,晴,快晴,4.7,2.5,0
横浜,1,27,冬,快晴,晴,7.3,2.5,0
横浜,1,28,冬,快晴,快晴,8.6,1.8,0
横浜,1,29,冬,雨,雨,5.8,3.2,21
横浜,1,30,冬,雨,曇,3.9,4.2,3.5
横浜,1,31,冬,曇,曇,6.8,1.9,0
横浜,2,1,冬,曇,曇,5.2,3.1,0
横浜,2,2,冬,晴,晴,6,3.8,0
横浜,2,3,冬,曇,晴,5.6,3.9,0
横浜,2,4,冬,曇,晴,6,2.3,0
横浜,2,5,冬,快晴,薄曇,7.7,2.3,0
横浜,2,6,冬,曇,曇,7.2,3.3,0
横浜,2,7,冬,快晴,晴,5.6,4.2,0
横浜,2,8,冬,曇,晴,5.1,2.8,0
横浜,2,9,冬,快晴,晴,7.2,4,0
横浜,2,10,冬,快晴,快晴,6.6,4.8,0
横浜,2,11,冬,快晴,快晴,6.6,3.5,0
横浜,2,12,冬,曇,曇,7.3,2.7,0.5
横浜,2,13,冬,晴,晴,14.5,4.3,0
横浜,2,14,冬,雨,晴,18.6,8.2,53
横浜,2,15,冬,晴,曇,8.8,4.8,0.5
横浜,2,16,冬,快晴,晴,5.8,4,0
横浜,2,17,冬,快晴,晴,6.8,4.8,0
横浜,2,18,冬,曇,晴,6.7,3.1,0
横浜,2,19,冬,快晴,晴,11,2.6,0
横浜,2,20,冬,曇,雨,8.2,3.5,39.5
横浜,2,21,冬,晴,晴,10.3,3.7,0
横浜,2,22,冬,薄曇,曇,7.4,3.5,0
横浜,2,23,冬,曇,晴,7.5,2.4,0
横浜,2,24,冬,曇,曇,6.5,4.3,0
横浜,2,25,冬,曇,晴,4.4,2.5,0.5
横浜,2,26,冬,快晴,晴,6.3,3,0
横浜,2,27,冬,晴,快晴,8.2,4.6,0
横浜,2,28,冬,晴,晴,9.7,3.5,0.5
横浜,2,29,冬,曇,雨,8.6,3.6,7
横浜,3,1,春,快晴,快晴,5.6,4.5,0
横浜,3,2,春,快晴,快晴,6.9,2.8,0
横浜,3,3,春,快晴,快晴,10.4,2.2,0
横浜,3,4,春,晴,晴,11.1,2.7,0
横浜,3,5,春,晴,晴,11.7,3.2,0
横浜,3,6,春,曇,雨,12.9,3.5,16.5
横浜,3,7,春,雨,雨,15,2.5,87.5
横浜,3,8,春,曇,晴,15.4,2.4,0
横浜,3,9,春,曇,雨,9.4,3.2,26.5
横浜,3,10,春,曇,曇,6.6,4,0
横浜,3,11,春,雨,雨,5,2.4,1
横浜,3,12,春,曇,曇,6.4,2.9,0
横浜,3,13,春,薄曇,曇,7.3,3.5,0
横浜,3,14,春,雨,雨,5.8,5.5,44.5
横浜,3,15,春,快晴,晴,8.7,5.4,0.5
横浜,3,16,春,曇,曇,9.5,2.6,0
横浜,3,17,春,快晴,快晴,12.9,2.4,0
横浜,3,18,春,晴,曇,14.9,4.2,0
横浜,3,19,春,雨,曇,15.3,3.5,19.5
横浜,3,20,春,曇,晴,12.8,4,0.5
横浜,3,21,春,曇,晴,9.6,2.9,0
横浜,3,22,春,曇,快晴,11.3,3.8,0
横浜,3,23,春,薄曇,晴,12.1,3.2,0
横浜,3,24,春,雨,曇,6.9,2.6,0
横浜,3,25,春,快晴,曇,8.6,3.3,0
横浜,3,26,春,曇,晴,8.2,3.2,0
横浜,3,27,春,曇,晴,10.5,3.4,0
横浜,3,28,春,曇,曇,11.2,2.8,10
横浜,3,29,春,快晴,薄曇,12.6,3.6,0
横浜,3,30,春,薄曇,薄曇,15.1,4.4,0
横浜,3,31,春,晴,薄曇,15.3,3.3,0
横浜,4,1,春,曇,曇,13.2,3.6,4
横浜,4,2,春,雨,曇,10.9,3.5,1.5
横浜,4,3,春,雨,曇,13.5,2.8,3.5
横浜,4,4,春,雨,曇,16.3,4.8,8
横浜,4,5,春,曇,曇,11.2,2.4,0.5
横浜,4,6,春,晴,曇,14.5,2.4,0
横浜,4,7,春,雨,雨,15.1,3.8,43.5
横浜,4,8,春,曇,曇,16.9,2.7,0
横浜,4,9,春,薄曇,薄曇,17.2,3.7,0
横浜,4,10,春,薄曇,曇,17.4,2.3,0
横浜,4,11,春,曇,晴,12,4.8,0
横浜,4,12,春,快晴,薄曇,11.1,4,0
横浜,4,13,春,雨,薄曇,14.9,3.2,6
横浜,4,14,春,雨,曇,15,2.8,39.5
横浜,4,15,春,快晴,快晴,16.8,4.2,0
横浜,4,16,春,曇,薄曇,16.4,3.5,0
横浜,4,17,春,曇,晴,19.2,8.3,1
横浜,4,18,春,薄曇,曇,18.8,4.1,1
横浜,4,19,春,快晴,快晴,16.7,3.4,0
横浜,4,20,春,快晴,薄曇,15.4,3.9,0
横浜,4,21,春,曇,雨,16.7,4.7,10
横浜,4,22,春,晴,曇,16.6,3.5,0.5
横浜,4,23,春,曇,曇,17.7,3.3,0
横浜,4,24,春,雨,曇,15.8,2.6,5
横浜,4,25,春,薄曇,薄曇,18.1,2.1,0
横浜,4,26,春,晴,薄曇,19.2,3,0
横浜,4,27,春,曇,薄曇,17.9,2.8,1
横浜,4,28,春,雨,雨,14.8,3.2,27.5
横浜,4,29,春,曇,快晴,16.4,6.5,1.5
横浜,4,30,春,晴,晴,16.7,4,0
横浜,5,1,春,晴,晴,18.9,2.3,0
横浜,5,2,春,薄曇,曇,18,2.8,0
横浜,5,3,春,曇,薄曇,20.1,5,0
横浜,5,4,春,晴,快晴,21.7,8.5,19.5
横浜,5,5,春,快晴,快晴,22.4,4.7,0
横浜,5,6,春,曇,雨,18.6,3.3,0.5
横浜,5,7,春,晴,晴,20.8,6,0
横浜,5,8,春,快晴,薄曇,20.8,3.9,0
横浜,5,9,春,薄曇,雨,18,2.6,18.5
横浜,5,10,春,曇,曇,19.1,3.3,4.5
横浜,5,11,春,曇,曇,22,7.4,13.5
横浜,5,12,春,快晴,快晴,21.1,3.1,0
横浜,5,13,春,晴,快晴,20.6,2.7,0
横浜,5,14,春,薄曇,薄曇,20.1,3.6,0
横浜,5,15,春,晴,薄曇,17.6,3.4,0
横浜,5,16,春,曇,曇,19.2,4.4,0
横浜,5,17,春,雨,雨,18.9,3.8,29
横浜,5,18,春,快晴,晴,20.1,3.5,0
横浜,5,19,春,快晴,薄曇,19.6,3.9,0
横浜,5,20,春,曇,曇,17.3,3.3,0
横浜,5,21,春,快晴,快晴,18.9,3.2,1.5
横浜,5,22,春,快晴,快晴,22.2,3.2,0
横浜,5,23,春,薄曇,晴,23.4,2.3,0
横浜,5,24,春,薄曇,曇,23.5,3.8,0
横浜,5,25,春,曇,曇,22,5.4,0
横浜,5,26,春,曇,晴,22.7,5.8,0
横浜,5,27,春,雨,雨,19.6,3.4,19.5
横浜,5,28,春,曇,曇,19.5,1.8,0
横浜,5,29,春,晴,薄曇,21.6,2.7,0
横浜,5,30,春,雨,曇,17.3,3.6,22.5
横浜,5,31,春,曇,薄曇,20.2,3.6,0
横浜,6,1,夏,曇,薄曇,21.3,4,1
横浜,6,2,夏,快晴,晴,21.1,6.2,0
横浜,6,3,夏,晴,快晴,19.6,4.5,0
横浜,6,4,夏,薄曇,曇,21.4,5.8,0
横浜,6,5,夏,雨,曇,18.7,2.9,6.5
横浜,6,6,夏,曇,曇,19.9,2.7,0
横浜,6,7,夏,曇,曇,19.7,2.1,1.5
横浜,6,8,夏,曇,曇,21.6,2.5,3
横浜,6,9,夏,曇,曇,21.1,2.3,10.5
横浜,6,10,夏,薄曇,晴,23.3,3.2,0
横浜,6,11,夏,晴,薄曇,23.1,3.2,0
横浜,6,12,夏,薄曇,薄曇,23.5,3.1,0
横浜,6,13,夏,雨,雨,20,5,78.5
横浜,6,14,夏,晴,曇,22.1,3.4,0
横浜,6,15,夏,曇,曇,21.5,2.6,0
横浜,6,16,夏,曇,曇,22.1,3.1,6.5
横浜,6,17,夏,曇,晴,24,2.7,1
横浜,6,18,夏,晴,晴,26.5,3.4,0
横浜,6,19,夏,曇,曇,23.9,3.7,6
横浜,6,20,夏,曇,薄曇,24.4,2.2,1.5
横浜,6,21,夏,雨,曇,23,1.9,13.5
横浜,6,22,夏,雨,曇,22.8,2.3,0
横浜,6,23,夏,雨,晴,23.2,2.5,15.5
横浜,6,24,夏,曇,曇,22.9,2.9,0
横浜,6,25,夏,曇,曇,25.6,7,1.5
横浜,6,26,夏,薄曇,薄曇,24.9,3.3,0
横浜,6,27,夏,快晴,晴,24.4,2.9,0
横浜,6,28,夏,雨,雨,19.3,2.6,24
横浜,6,29,夏,雨,曇,21.3,1.7,5
横浜,6,30,夏,曇,曇,22.9,1.4,0
横浜,7,1,夏,曇,晴,25.4,2,0
横浜,7,2,夏,曇,薄曇,26.5,3.7,0
横浜,7,3,夏,曇,曇,28.9,5.6,0
横浜,7,4,夏,晴,晴,27.6,2.4,26.5
横浜,7,5,夏,曇,雨,22.2,3.3,0
横浜,7,6,夏,曇,晴,23.7,3,0
横浜,7,7,夏,晴,快晴,27.4,2.7,0
横浜,7,8,夏,曇,曇,24.7,2.2,0
横浜,7,9,夏,雨,雨,22.4,3.2,17.5
横浜,7,10,夏,晴,薄曇,25.2,2.4,0
横浜,7,11,夏,晴,晴,27.2,2.6,0
横浜,7,12,夏,雨,晴,26.5,2.8,0
横浜,7,13,夏,雨,雨,25.3,1.5,1
横浜,7,14,夏,曇,晴,26.8,2.5,61
横浜,7,15,夏,曇,雨,22.9,2.4,110
横浜,7,16,夏,曇,晴,24,2.6,0
横浜,7,17,夏,曇,曇,26.4,2.6,0
横浜,7,18,夏,薄曇,晴,28.6,3,0
横浜,7,19,夏,晴,晴,27.9,3.1,0
横浜,7,20,夏,曇,曇,26.2,3,2.5
横浜,7,21,夏,雨,雨,21.9,2.5,61.5
横浜,7,22,夏,雨,曇,21.8,2.8,9
横浜,7,23,夏,曇,曇,22.7,3,0
横浜,7,24,夏,晴,晴,24,2.9,0
横浜,7,25,夏,曇,曇,24.9,2.2,0
横浜,7,26,夏,曇,雨,24,2.9,1
横浜,7,27,夏,曇,雨,24.1,3.2,0
横浜,7,28,夏,曇,薄曇,26.2,3,0
横浜,7,29,夏,晴,快晴,26.8,2.7,0
横浜,7,30,夏,晴,晴,27.4,2,0
横浜,7,31,夏,晴,雨,27.6,2.8,0
横浜,8,1,夏,曇,晴,27.2,3,1
横浜,8,2,夏,曇,曇,26.6,2.5,4.5
横浜,8,3,夏,曇,曇,27.1,2.5,4
横浜,8,4,夏,晴,晴,28.2,3,0
横浜,8,5,夏,晴,晴,28.5,3.3,0
横浜,8,6,夏,晴,晴,28.9,2.7,0
横浜,8,7,夏,晴,晴,28.8,3.6,0
横浜,8,8,夏,曇,薄曇,29.2,5.5,0
横浜,8,9,夏,薄曇,晴,31.6,3,0
横浜,8,10,夏,曇,薄曇,29.3,3.9,0
横浜,8,11,夏,曇,薄曇,27.2,2.9,0
横浜,8,12,夏,曇,晴,26.6,3,0
横浜,8,13,夏,晴,晴,26.4,2.9,0
横浜,8,14,夏,曇,曇,26.4,2.8,0
横浜,8,15,夏,曇,曇,27.2,3.7,0
横浜,8,16,夏,曇,曇,27.1,4.1,33.5
横浜,8,17,夏,晴,曇,28.7,6.1,9.5
横浜,8,18,夏,薄曇,曇,28.4,3,4.5
横浜,8,19,夏,晴,晴,28.2,3.3,0
横浜,8,20,夏,雨,曇,26.3,3.5,18.5
横浜,8,21,夏,曇,曇,28,2.8,0
横浜,8,22,夏,雨,雨,26.3,5,104
横浜,8,23,夏,曇,曇,27,3.3,0
横浜,8,24,夏,曇,曇,26.5,2.6,5.5
横浜,8,25,夏,晴,晴,27.9,2.6,0
横浜,8,26,夏,晴,快晴,28.4,3,0
横浜,8,27,夏,曇,雨,24.8,2.9,2.5
横浜,8,28,夏,雨,曇,22.5,3,10.5
横浜,8,29,夏,曇,晴,26.1,3.8,2.5
横浜,8,30,夏,雨,雨,25.6,5.5,20
横浜,8,31,夏,快晴,快晴,27,5.8,0
横浜,9,1,秋,晴,晴,27.2,3,0
横浜,9,2,秋,晴,晴,26.9,3.2,0
横浜,9,3,秋,曇,晴,27,3.1,2
横浜,9,4,秋,曇,晴,27,2.3,12
横浜,9,5,秋,晴,晴,28.2,3,0
横浜,9,6,秋,薄曇,薄曇,28.3,4.9,0
横浜,9,7,秋,曇,晴,27.1,4,3.5
横浜,9,8,秋,曇,曇,27.2,4,0.5
横浜,9,9,秋,晴,晴,27.8,2.2,0
横浜,9,10,秋,晴,快晴,27.2,3.3,0
横浜,9,11,秋,雨,曇,23,2.4,16.5
横浜,9,12,秋,曇,曇,24.5,3.5,0
横浜,9,13,秋,雨,雨,23.2,2.8,57.5
横浜,9,14,秋,雨,曇,22.7,2.3,9
横浜,9,15,秋,曇,曇,24.3,2.1,5
横浜,9,16,秋,雨,曇,23.6,1.6,0.5
横浜,9,17,秋,晴,薄曇,25.3,2.4,0
横浜,9,18,秋,雨,雨,25.2,3.9,0.5
横浜,9,19,秋,曇,雨,21.8,3,19.5
横浜,9,20,秋,雨,雨,19.3,5.6,112
横浜,9,21,秋,曇,曇,20.4,3.3,0
横浜,9,22,秋,雨,曇,19.6,4.4,52.5
横浜,9,23,秋,曇,雨,21.4,1.3,17
横浜,9,24,秋,曇,雨,21.9,2.2,5
横浜,9,25,秋,曇,曇,23.8,2.1,0
横浜,9,26,秋,曇,曇,25.5,1.7,0
横浜,9,27,秋,曇,晴,26,2.2,0
横浜,9,28,秋,曇,雨,26.9,4.1,0
横浜,9,29,秋,雨,曇,25.4,2.9,0
横浜,9,30,秋,曇,曇,21.7,2.6,1
横浜,10,1,秋,雨,曇,20.1,2.6,2
横浜,10,2,秋,曇,快晴,22.9,1.7,0
横浜,10,3,秋,雨,雨,22.8,2.4,3.5
横浜,10,4,秋,薄曇,曇,25.2,2.2,0
横浜,10,5,秋,曇,曇,24.6,3.1,0.5
横浜,10,6,秋,薄曇,曇,26.2,3.8,0
横浜,10,7,秋,曇,曇,21.5,3.7,0
横浜,10,8,秋,曇,晴,22.3,3.5,12
横浜,10,9,秋,雨,曇,22.8,5.3,6.5
横浜,10,10,秋,曇,曇,18.9,3,0
横浜,10,11,秋,曇,曇,18.2,2.6,0
横浜,10,12,秋,晴,薄曇,18.6,2.4,0
横浜,10,13,秋,曇,曇,16.9,3,0
横浜,10,14,秋,曇,薄曇,16.8,3,0
横浜,10,15,秋,快晴,快晴,17.4,3,0
横浜,10,16,秋,晴,晴,18.5,2.5,0
横浜,10,17,秋,雨,曇,18.1,3,13.5
横浜,10,18,秋,晴,薄曇,21.6,2.1,3.5
横浜,10,19,秋,曇,曇,21.4,2.7,0
横浜,10,20,秋,快晴,快晴,22.3,2.8,0
横浜,10,21,秋,曇,曇,19,3,0
横浜,10,22,秋,曇,曇,17.2,3.3,0
横浜,10,23,秋,薄曇,曇,18.4,3.7,0
横浜,10,24,秋,曇,快晴,15.8,2.5,0
横浜,10,25,秋,晴,曇,14.8,2.6,3
横浜,10,26,秋,快晴,快晴,20.4,2.7,0
横浜,10,27,秋,快晴,曇,19.7,4.2,0
横浜,10,28,秋,曇,雨,12.8,3.5,20
横浜,10,29,秋,曇,曇,15.9,2.7,1
横浜,10,30,秋,曇,曇,12.4,2.7,1
横浜,10,31,秋,晴,曇,14.7,2.5,0
横浜,11,1,秋,雨,晴,13.9,2.9,9.5
横浜,11,2,秋,曇,曇,11.6,3.2,2.5
横浜,11,3,秋,晴,快晴,13.3,3.5,0.5
横浜,11,4,秋,快晴,晴,14.4,3.2,0
横浜,11,5,秋,曇,快晴,15.3,3.4,0
横浜,11,6,秋,快晴,快晴,15.8,3.8,0
横浜,11,7,秋,曇,晴,11.8,2.9,0
横浜,11,8,秋,曇,曇,11,2.2,3.5
横浜,11,9,秋,雨,快晴,10.9,6.8,5
横浜,11,10,秋,曇,曇,10.1,4,0
横浜,11,11,秋,雨,雨,9.4,5.4,47
横浜,11,12,秋,快晴,快晴,14.6,2.9,0
横浜,11,13,秋,快晴,晴,15.1,2.4,0
横浜,11,14,秋,曇,雨,14.3,2.6,3.5
横浜,11,15,秋,曇,曇,15.5,2.7,0.5
横浜,11,16,秋,曇,曇,12.9,3.5,0
横浜,11,17,秋,快晴,薄曇,13.3,2.7,0
横浜,11,18,秋,晴,晴,12.5,2.4,0
横浜,11,19,秋,雨,曇,10.6,2.8,24
横浜,11,20,秋,快晴,薄曇,15,1.9,0
横浜,11,21,秋,曇,曇,13.4,3.3,1.5
横浜,11,22,秋,晴,快晴,14.6,1.9,12.5
横浜,11,23,秋,曇,曇,11.7,4.2,1
横浜,11,24,秋,雪,雪,3.1,4.9,21
横浜,11,25,秋,薄曇,快晴,6.4,2.8,0
横浜,11,26,秋,快晴,晴,8.9,3.3,0
横浜,11,27,秋,曇,曇,10.6,2.9,10
横浜,11,28,秋,曇,晴,11.5,4.1,6
横浜,11,29,秋,曇,晴,10.8,4.9,0
横浜,11,30,秋,晴,曇,9.4,3.5,0
横浜,12,1,冬,雨,薄曇,11.1,3.7,18.5
横浜,12,2,冬,快晴,晴,12.3,3.4,0
横浜,12,3,冬,晴,曇,12.1,2.4,0
横浜,12,4,冬,薄曇,薄曇,13.1,2.6,0.5
横浜,12,5,冬,晴,薄曇,13.8,2,2.5
横浜,12,6,冬,快晴,快晴,11.7,4.8,0
横浜,12,7,冬,曇,晴,8.4,3.2,0
横浜,12,8,冬,快晴,薄曇,9.8,2.7,0
横浜,12,9,冬,快晴,快晴,12.1,4.9,0
横浜,12,10,冬,快晴,晴,9.1,4.7,0
横浜,12,11,冬,晴,晴,7.4,3.8,0
横浜,12,12,冬,晴,薄曇,7.5,2.3,0
横浜,12,13,冬,曇,曇,10.1,2.4,4.5
横浜,12,14,冬,雨,曇,8.7,4.4,39
横浜,12,15,冬,曇,晴,7,4.3,0
横浜,12,16,冬,晴,快晴,5.5,4.6,0
横浜,12,17,冬,快晴,快晴,8.1,2,0
横浜,12,18,冬,快晴,晴,9,1.5,0
横浜,12,19,冬,薄曇,晴,11.5,1.7,0
横浜,12,20,冬,曇,晴,10.8,2.2,0
横浜,12,21,冬,快晴,薄曇,11.8,1.9,0
横浜,12,22,冬,薄曇,曇,16,5,13.5
横浜,12,23,冬,快晴,晴,16.2,6.2,7.5
横浜,12,24,冬,快晴,晴,9.3,4.3,0
横浜,12,25,冬,曇,快晴,8.1,2.3,0
横浜,12,26,冬,曇,曇,8.9,2.8,0
横浜,12,27,冬,雨,曇,13.2,6.1,4.5
横浜,12,28,冬,快晴,快晴,6.8,5.3,0
横浜,12,29,冬,曇,晴,6.4,3,0
横浜,12,30,冬,晴,快晴,6.6,4.8,0
横浜,12,31,冬,快晴,快晴,7.2,2.2,0
青森,1,1,冬,雪,雪,0.9,4.3,2
青森,1,2,冬,曇,曇,3.8,4.8,0
青森,1,3,冬,雨,雨,3.9,3.6,0
青森,1,4,冬,薄曇,雪,1.1,3.3,6
青森,1,5,冬,曇,あられ,-0.4,6.1,2
青森,1,6,冬,曇,晴,0.7,5.4,2
青森,1,7,冬,雪,晴,-0.5,4.9,8.5
青森,1,8,冬,晴,晴,0.6,5.8,2.5
青森,1,9,冬,雪,雪,-0.9,4.1,5.5
青森,1,10,冬,雪,雪,-1,5.4,5.5
青森,1,11,冬,雪,雪,-4,4.1,12.5
青森,1,12,冬,雪,雪,-3.2,5.5,4.5
青森,1,13,冬,曇,晴,-1.8,3.1,2
青森,1,14,冬,雪,雪,-2.2,4.5,10
青森,1,15,冬,雪,晴,-2.2,4.3,0.5
青森,1,16,冬,雪,雪,-2.5,4.8,9.5
青森,1,17,冬,雪,雪,-2.9,3.6,4
青森,1,18,冬,雪,雪,0,7,34.5
青森,1,19,冬,雪,雪,0.2,3.2,2
青森,1,20,冬,雪,晴,0.3,3.4,2.5
青森,1,21,冬,雪,雪,-1,3.9,10.5
青森,1,22,冬,雪,雪,-2.5,5.4,4.5
青森,1,23,冬,雪,薄曇,-2.7,4,3
青森,1,24,冬,曇,晴,-2.5,3,0.5
青森,1,25,冬,雪,雪,-2.2,4.4,8.5
青森,1,26,冬,雪,晴,0.8,4.1,0
青森,1,27,冬,雪,雪,1.3,5.4,3
青森,1,28,冬,曇,曇,0.4,5,0
青森,1,29,冬,晴,雪,-1.1,3.8,0
青森,1,30,冬,雪,雪,-1.5,2.8,0
青森,1,31,冬,雪,雪,-2.7,5.1,2.5
青森,2,1,冬,雪,曇,-3.7,4.1,3.5
青森,2,2,冬,雪,雪,-3.5,4.3,7.5
青森,2,3,冬,雪,雪,-1.8,3.8,1.5
青森,2,4,冬,晴,曇,0.6,3.1,0
青森,2,5,冬,雪,曇,0.7,6.1,0
青森,2,6,冬,雪,雪,-2.2,4.5,3
青森,2,7,冬,晴,雪,-3.3,4.7,5
青森,2,8,冬,雪,晴,0.5,2.2,3
青森,2,9,冬,晴,雪,1.2,3.7,3
青森,2,10,冬,雪,雪,-0.7,5.5,1
青森,2,11,冬,晴,晴,-0.2,3.3,0
青森,2,12,冬,薄曇,薄曇,1,1.8,0
青森,2,13,冬,曇,雨,5.8,3.2,0
青森,2,14,冬,雨,曇,6.1,6.1,3.5
青森,2,15,冬,雪,雪,-2.7,6.8,2
青森,2,16,冬,雪,雪,-2.6,4.5,2
青森,2,17,冬,雪,曇,-2.1,5,6.5
青森,2,18,冬,晴,雨,2.4,3.6,3.5
青森,2,19,冬,曇,雨,4,4.3,1
青森,2,20,冬,薄曇,雨,3,3.5,1.5
青森,2,21,冬,雨,雪,1.5,5.8,9.5
青森,2,22,冬,曇,曇,-0.7,4.6,0
青森,2,23,冬,曇,薄曇,1.2,3.4,3
青森,2,24,冬,雪,雪,-3,4.6,5
青森,2,25,冬,晴,晴,-3.3,4,4
青森,2,26,冬,雪,雪,-2.4,4.1,2.5
青森,2,27,冬,晴,曇,-1.5,3.3,2
青森,2,28,冬,快晴,快晴,0.1,2.3,0.5
青森,2,29,冬,雨,雨,3.8,7,3
青森,3,1,春,雪,雪,-1.7,7.8,5
青森,3,2,春,雪,雪,-1.6,4.2,4
青森,3,3,春,雪,みぞれ,0.5,2.5,6
青森,3,4,春,曇,晴,0.8,2.4,0
青森,3,5,春,快晴,晴,1.2,3.1,0
青森,3,6,春,曇,曇,4.6,1.7,2.5
青森,3,7,春,曇,晴,6.5,2.8,5
青森,3,8,春,曇,雨,5.3,5.2,0
青森,3,9,春,雪,曇,1.1,4.3,0
青森,3,10,春,晴,曇,-0.1,2.7,0
青森,3,11,春,雪,晴,-0.7,4.2,2.5
青森,3,12,春,晴,曇,0.3,3.3,1.5
青森,3,13,春,薄曇,曇,2.5,2.6,0
青森,3,14,春,快晴,曇,3.5,2.1,0
青森,3,15,春,快晴,晴,3.5,5,0
青森,3,16,春,快晴,晴,7.8,6,0
青森,3,17,春,快晴,快晴,10.9,5.1,0
青森,3,18,春,曇,薄曇,10.2,3,0
青森,3,19,春,雨,雨,8.7,2.4,10
青森,3,20,春,曇,晴,4.9,4.2,1
青森,3,21,春,晴,晴,3.1,4.7,0
青森,3,22,春,雨,雨,3.2,3.6,8.5
青森,3,23,春,みぞれ,曇,3.2,4.9,0
青森,3,24,春,曇,あられ,1.6,3.5,2
青森,3,25,春,晴,曇,2.7,3.7,1
青森,3,26,春,晴,晴,4.5,3.3,1
青森,3,27,春,晴,晴,7.2,4.1,0
青森,3,28,春,曇,快晴,7.5,4.8,0
青森,3,29,春,薄曇,薄曇,8.1,2.7,0
青森,3,30,春,薄曇,雨,7.3,3.6,4
青森,3,31,春,晴,快晴,7.3,5,0
青森,4,1,春,晴,晴,5.8,4.6,0
青森,4,2,春,晴,薄曇,8.7,4.9,0
青森,4,3,春,雨,曇,8.1,2.5,17.5
青森,4,4,春,雨,晴,5.6,2.9,5.5
青森,4,5,春,快晴,快晴,9.7,4.7,0.5
青森,4,6,春,晴,晴,8.5,4.9,0
青森,4,7,春,曇,雨,7.1,2.5,6
青森,4,8,春,晴,曇,9,3.8,4.5
青森,4,9,春,薄曇,薄曇,9.6,5.8,0
青森,4,10,春,曇,薄曇,6.4,3.2,0
青森,4,11,春,曇,みぞれ,3.3,4,4
青森,4,12,春,晴,薄曇,6.8,4.4,0
青森,4,13,春,薄曇,雨,11.2,3.4,6.5
青森,4,14,春,曇,曇,11.4,2.2,9.5
青森,4,15,春,曇,曇,7.3,7.1,1
青森,4,16,春,薄曇,曇,9.9,3.7,0
青森,4,17,春,曇,雨,10.5,6.2,5
青森,4,18,春,曇,曇,10.9,6.7,0
青森,4,19,春,曇,曇,8.6,5.3,0
青森,4,20,春,晴,曇,12.3,5.5,0
青森,4,21,春,薄曇,曇,15.5,4.9,0
青森,4,22,春,快晴,快晴,12.9,3.6,1.5
青森,4,23,春,薄曇,雨,10.3,2.8,0
青森,4,24,春,快晴,快晴,12,4.6,0
青森,4,25,春,快晴,快晴,10.4,2.5,0
青森,4,26,春,晴,晴,11.3,3,0
青森,4,27,春,晴,晴,10.8,4.1,0
青森,4,28,春,曇,雨,8.7,4.1,17
青森,4,29,春,雨,雨,6.6,5.3,14.5
青森,4,30,春,曇,晴,7.7,6,0
青森,5,1,春,曇,晴,8,2.2,0
青森,5,2,春,晴,薄曇,11,2.4,0
青森,5,3,春,薄曇,薄曇,14,2,0
青森,5,4,春,雨,曇,15.3,5.1,2.5
青森,5,5,春,曇,曇,15,7.5,0
青森,5,6,春,曇,曇,14.5,3.3,0.5
青森,5,7,春,曇,快晴,14.5,5.4,5.5
青森,5,8,春,快晴,快晴,14.6,5.9,0
青森,5,9,春,晴,晴,12.5,2.4,0
青森,5,10,春,曇,雨,12.1,7.2,5
青森,5,11,春,雨,曇,12,6.3,10.5
青森,5,12,春,曇,晴,12,5.8,1.5
青森,5,13,春,薄曇,薄曇,15.1,3.3,0
青森,5,14,春,快晴,晴,15.1,4,0
青森,5,15,春,薄曇,薄曇,15.2,3.3,0
青森,5,16,春,薄曇,薄曇,13.8,2.6,0
青森,5,17,春,薄曇,快晴,14.3,2.9,3
青森,5,18,春,晴,快晴,16.6,2.8,0
青森,5,19,春,快晴,快晴,14.6,2.3,0
青森,5,20,春,薄曇,薄曇,15.8,2.6,0
青森,5,21,春,晴,晴,15.1,2.7,0
青森,5,22,春,快晴,快晴,19.6,2.2,0
青森,5,23,春,薄曇,薄曇,19.7,3.2,0
青森,5,24,春,薄曇,曇,17.6,2.8,0
青森,5,25,春,曇,曇,19.2,5.1,0
青森,5,26,春,薄曇,曇,21,3.8,3
青森,5,27,春,薄曇,晴,18.6,4.5,0
青森,5,28,春,快晴,快晴,18.2,3.1,0
青森,5,29,春,快晴,曇,17.4,2.7,0
青森,5,30,春,薄曇,晴,18.2,3.3,0
青森,5,31,春,薄曇,曇,16.1,2.9,22
青森,6,1,夏,雨,曇,12.9,5.7,12.5
青森,6,2,夏,曇,曇,13,4.9,0
青森,6,3,夏,晴,曇,15.3,5.1,0
青森,6,4,夏,曇,雨,16.6,3.3,6.5
青森,6,5,夏,曇,晴,15.1,2.9,0
青森,6,6,夏,快晴,薄曇,15.5,2.1,0
青森,6,7,夏,晴,薄曇,17.7,2.2,0
青森,6,8,夏,曇,雨,17,1.6,0.5
青森,6,9,夏,雨,雨,16.9,1.4,19
青森,6,10,夏,晴,晴,18.3,4.2,0
青森,6,11,夏,晴,薄曇,17,2.9,0
青森,6,12,夏,曇,曇,18,2.9,0
青森,6,13,夏,雨,雨,17.6,1.8,1
青森,6,14,夏,雨,雨,18.2,3.3,1
青森,6,15,夏,薄曇,薄曇,19,3,0
青森,6,16,夏,曇,雨,17.2,2.2,5
青森,6,17,夏,雨,雨,18.8,2.4,17.5
青森,6,18,夏,曇,曇,17.7,3.8,0
青森,6,19,夏,薄曇,薄曇,17.9,2.7,0
青森,6,20,夏,雨,曇,18.4,2,7.5
青森,6,21,夏,曇,晴,19.4,3.7,0
青森,6,22,夏,曇,薄曇,18.7,3.4,0
青森,6,23,夏,薄曇,曇,17.1,5.1,0.5
青森,6,24,夏,曇,曇,17.6,2.2,0
青森,6,25,夏,曇,晴,22.4,6.1,1.5
青森,6,26,夏,曇,曇,16.6,7.4,0
青森,6,27,夏,曇,晴,17.6,3.9,0
青森,6,28,夏,曇,晴,17.9,2.3,0
青森,6,29,夏,薄曇,薄曇,18.3,1.9,0
青森,6,30,夏,薄曇,晴,19.3,2,0
青森,7,1,夏,晴,晴,21.4,2.1,0
青森,7,2,夏,薄曇,雨,22.8,3.6,6
青森,7,3,夏,曇,晴,22.1,6.8,0
青森,7,4,夏,雨,曇,18.9,4,0
青森,7,5,夏,薄曇,曇,19.6,4.8,0
青森,7,6,夏,雨,雨,16.2,3.6,48
青森,7,7,夏,曇,曇,18.5,4,0
青森,7,8,夏,曇,晴,20.3,2.6,0
青森,7,9,夏,曇,曇,21.7,2,0
青森,7,10,夏,晴,晴,22.6,4.1,0.5
青森,7,11,夏,曇,晴,20.1,4.1,0
青森,7,12,夏,薄曇,晴,21.5,3,0
青森,7,13,夏,晴,晴,22.4,3.3,0
青森,7,14,夏,曇,雨,19.9,3.5,24
青森,7,15,夏,曇,曇,20.3,5.1,0
青森,7,16,夏,晴,曇,20.6,3.2,0
青森,7,17,夏,雨,雨,19.6,1.9,2
青森,7,18,夏,曇,雨,21,1.9,6
青森,7,19,夏,曇,曇,22,3.2,0
青森,7,20,夏,曇,曇,21.2,2.6,0
青森,7,21,夏,曇,薄曇,20.7,2.6,0
青森,7,22,夏,晴,快晴,20.4,3.8,0
青森,7,23,夏,晴,薄曇,20.5,4.7,0
青森,7,24,夏,快晴,快晴,21.3,3.8,0
青森,7,25,夏,晴,薄曇,22,2.7,0
青森,7,26,夏,曇,薄曇,22.3,2.8,0
青森,7,27,夏,雨,曇,21.6,1.7,5.5
青森,7,28,夏,曇,曇,25.7,2.9,22.5
青森,7,29,夏,曇,晴,26,1.8,0
青森,7,30,夏,晴,雨,26.5,1.7,14
青森,7,31,夏,曇,曇,25.4,1.7,4
青森,8,1,夏,曇,薄曇,25.3,2.8,0
青森,8,2,夏,曇,曇,24.3,2,0
青森,8,3,夏,曇,晴,25.4,2.3,0
青森,8,4,夏,薄曇,晴,26.3,3.7,0
青森,8,5,夏,晴,晴,27.6,4.5,0
青森,8,6,夏,晴,晴,26.2,2.3,0
青森,8,7,夏,晴,快晴,26.2,2.8,0
青森,8,8,夏,晴,晴,26.6,2.4,0
青森,8,9,夏,曇,晴,25.9,4.9,0
青森,8,10,夏,曇,晴,23.5,4.3,0
青森,8,11,夏,快晴,快晴,23.6,2.5,0
青森,8,12,夏,快晴,快晴,23.9,2.5,0
青森,8,13,夏,快晴,快晴,24,3.3,0
青森,8,14,夏,晴,晴,23.7,3.2,0
青森,8,15,夏,快晴,薄曇,24.5,2.3,0.5
青森,8,16,夏,曇,曇,24.1,2,1
青森,8,17,夏,雨,雨,23.2,3.5,74.5
青森,8,18,夏,晴,晴,25.3,3,0
青森,8,19,夏,曇,曇,24.4,2.1,0
青森,8,20,夏,曇,雷,25.4,2.1,2.5
青森,8,21,夏,晴,曇,24.8,3.8,0.5
青森,8,22,夏,曇,雨,24.1,2.4,48
青森,8,23,夏,晴,晴,24.6,3.9,33
青森,8,24,夏,快晴,快晴,24,2.9,0
青森,8,25,夏,快晴,晴,24.4,1.9,0
青森,8,26,夏,曇,雨,21.9,2.4,30.5
青森,8,27,夏,晴,快晴,20.2,3.6,0
青森,8,28,夏,晴,晴,21.6,5.7,0
青森,8,29,夏,雨,雨,24.4,7.4,0
青森,8,30,夏,雨,雨,24.9,9.7,61
青森,8,31,夏,晴,晴,24.3,2.5,0
青森,9,1,秋,晴,快晴,23.8,2,0
青森,9,2,秋,晴,晴,23.9,3.6,0
青森,9,3,秋,晴,晴,24.2,3.4,0
青森,9,4,秋,晴,晴,23.5,2.6,0
青森,9,5,秋,晴,晴,23.9,2.4,4
青森,9,6,秋,曇,曇,24,3.5,10.5
青森,9,7,秋,薄曇,曇,23.9,2.6,0
青森,9,8,秋,曇,雨,20.6,5.2,19.5
青森,9,9,秋,雨,晴,19.9,3.5,9
青森,9,10,秋,曇,晴,20.9,4.1,3
青森,9,11,秋,薄曇,晴,20.2,2.8,0
青森,9,12,秋,薄曇,曇,20.1,3.1,0
青森,9,13,秋,雨,雨,19.9,4.3,1.5
青森,9,14,秋,曇,雨,20.6,2.1,0.5
青森,9,15,秋,晴,晴,21.5,2,0
青森,9,16,秋,晴,晴,21.2,1.8,0
青森,9,17,秋,曇,雨,20.9,2.8,15.5
青森,9,18,秋,晴,曇,19.6,3.1,0
青森,9,19,秋,曇,晴,17.5,2.7,0
青森,9,20,秋,曇,曇,16.6,2.4,0
青森,9,21,秋,快晴,晴,17.3,3.1,0
青森,9,22,秋,曇,曇,18.2,2.3,9.5
青森,9,23,秋,雨,曇,19.1,1.8,13
青森,9,24,秋,薄曇,薄曇,20.6,2.1,0
青森,9,25,秋,晴,曇,20.5,1.9,0
青森,9,26,秋,薄曇,晴,21.2,2.3,0
青森,9,27,秋,曇,曇,20.3,1.5,12
青森,9,28,秋,曇,曇,21.9,3.9,3
青森,9,29,秋,曇,晴,18.2,3.2,0
青森,9,30,秋,薄曇,曇,16.4,2.7,0
青森,10,1,秋,快晴,晴,18.3,2.5,0
青森,10,2,秋,薄曇,晴,18.3,2.6,0
青森,10,3,秋,曇,雨,18.8,3.2,33
青森,10,4,秋,晴,晴,17.2,5.8,1.5
青森,10,5,秋,薄曇,雨,14.5,2.2,22
青森,10,6,秋,雨,曇,15.8,5.2,2
青森,10,7,秋,晴,晴,13.7,5.2,0.5
青森,10,8,秋,雨,雨,12.7,2.4,30
青森,10,9,秋,晴,曇,14.7,5.5,4.5
青森,10,10,秋,晴,曇,11.2,4.1,3.5
青森,10,11,秋,曇,晴,13.4,4.1,2
青森,10,12,秋,雨,雨,11.3,3.3,1.5
青森,10,13,秋,曇,晴,11.4,3.9,4.5
青森,10,14,秋,快晴,曇,12,3.2,0
青森,10,15,秋,快晴,快晴,11.7,1.9,0
青森,10,16,秋,晴,薄曇,15,2.6,0
青森,10,17,秋,曇,曇,17.2,3.3,0
青森,10,18,秋,晴,晴,16.2,3.8,0
青森,10,19,秋,快晴,快晴,13,2.3,0
青森,10,20,秋,雷,晴,11.1,6,5
青森,10,21,秋,晴,晴,9.6,5.4,0
青森,10,22,秋,薄曇,曇,11.4,3.4,1.5
青森,10,23,秋,曇,晴,9.5,3.9,0.5
青森,10,24,秋,雨,曇,9,4.6,5
青森,10,25,秋,晴,曇,10.6,2.8,12
青森,10,26,秋,晴,薄曇,14.1,5.1,2.5
青森,10,27,秋,晴,曇,9.6,5.8,0
青森,10,28,秋,曇,曇,10,3.8,0
青森,10,29,秋,晴,曇,7.1,4.6,1
青森,10,30,秋,曇,雨,6.5,4.4,0
青森,10,31,秋,雨,雨,7.4,4.2,14.5
青森,11,1,秋,雨,雨,4.9,2.6,2
青森,11,2,秋,晴,晴,5.9,2.6,0
青森,11,3,秋,雨,晴,5.5,3.4,7
青森,11,4,秋,晴,曇,6.5,5,6.5
青森,11,5,秋,雨,雨,11,4.2,6.5
青森,11,6,秋,雨,曇,4.8,4.7,2
青森,11,7,秋,晴,快晴,5.3,2.4,0
青森,11,8,秋,曇,雨,6.1,3.5,6
青森,11,9,秋,晴,雪,1.7,5.8,10.5
青森,11,10,秋,雪,曇,2.3,4.1,0.5
青森,11,11,秋,曇,雨,4.6,2.4,1
青森,11,12,秋,晴,快晴,10.2,4.2,0.5
青森,11,13,秋,雨,曇,9.1,3.6,2
青森,11,14,秋,快晴,快晴,6.9,1.8,0
青森,11,15,秋,曇,晴,10.9,5.9,10.5
青森,11,16,秋,曇,晴,3.9,5.6,3
青森,11,17,秋,みぞれ,雪,3.9,4.8,0.5
青森,11,18,秋,快晴,晴,8.2,5.1,0
青森,11,19,秋,曇,曇,9.4,2.5,0
青森,11,20,秋,雨,曇,8.3,4,0
青森,11,21,秋,曇,曇,4.4,2.6,0
青森,11,22,秋,曇,曇,3.5,3.1,6
青森,11,23,秋,雪,雪,-1.1,3.8,5
青森,11,24,秋,曇,晴,-0.8,2.6,0
青森,11,25,秋,雪,曇,1.1,3.5,3
青森,11,26,秋,晴,薄曇,2.1,2.2,0
青森,11,27,秋,薄曇,曇,5.3,3,2.5
青森,11,28,秋,晴,みぞれ,3.2,4.5,6.5
青森,11,29,秋,雪,雪,0.5,5.2,8
青森,11,30,秋,曇,曇,0.9,2.4,0.5
青森,12,1,冬,雨,雨,3.5,3.3,16.5
青森,12,2,冬,雪,あられ,4,9.5,2.5
青森,12,3,冬,快晴,快晴,5.1,4.1,0
青森,12,4,冬,曇,晴,8.2,3.6,0
青森,12,5,冬,雨,曇,8.8,2.6,3
青森,12,6,冬,雨,雪,1.9,5.9,16
青森,12,7,冬,雪,雪,-1.5,3.9,2.5
青森,12,8,冬,雪,晴,0,2.9,1.5
青森,12,9,冬,雨,薄曇,3.2,3.1,4.5
青森,12,10,冬,晴,雪,-0.3,5.1,7.5
青森,12,11,冬,雪,雪,-2.3,3.3,6.5
青森,12,12,冬,晴,曇,-1.5,2.4,0.5
青森,12,13,冬,雨,雨,2.5,3.1,4.5
青森,12,14,冬,雪,雪,1.4,2.5,1.5
青森,12,15,冬,曇,雪,-1.2,4,14
青森,12,16,冬,雪,雪,-2.9,4.3,11
青森,12,17,冬,雪,雪,-0.6,5.3,3
青森,12,18,冬,快晴,雨,5.1,5.8,0
青森,12,19,冬,快晴,快晴,4.6,3.7,0
青森,12,20,冬,晴,曇,4.1,2.7,0
青森,12,21,冬,曇,薄曇,3.6,2.7,0.5
青森,12,22,冬,曇,雨,4.5,2.4,25
青森,12,23,冬,晴,雨,6,6.5,8
青森,12,24,冬,曇,雪,0.4,4.9,6
青森,12,25,冬,晴,雪,1,3.7,0
青森,12,26,冬,薄曇,曇,4.9,4.6,0
青森,12,27,冬,雪,雪,0.7,2.9,21
青森,12,28,冬,晴,雪,-0.9,4.6,0
青森,12,29,冬,みぞれ,雪,-0.3,4,10.5
青森,12,30,冬,雪,雪,-1.2,5.1,2
青森,12,31,冬,曇,曇,2,4.3,1
